objectid,title,date,date-is-approximate?,creator,recipient,description,item_information,subject,location,latitude,longitude,related_publication,publisher-digital,source,findingaid,original-identifier,rights,rightsstatement,type,format,language,relation,filename,identifier,display_template,object_location,image_small,image_thumb,image_alt_text,object_transcript
"

AA82-UM-002","Are/Are Tape #1 - GCPW, May 24th 1983",1983,,George Coates,,"Are Are premiered at Theatre Artaud’s Cavernous Performance Space in San Francisco in March 1983. The second part of the “How Trilogy,” it reunited Paul Dresher, Rinde Eckert, John Duykers, and Leonard Pitt, shifting from the distinct individual figures of The Way of How toward a coordinated group identity.
The performance opened with three performers hunched behind rear-lit screens, appearing as indistinct forms before emerging to measure their bodies with retractable tapes. Set on a deep, runway-like stage, the work developed around repeated attempts to measure, rise, and overcome physical limits. The performers moved in rolling barrels, climbed onto a rolling piano, appeared on stilts, and ultimately ascended in block-and-tackle harnesses with arms extended in flight. Pink and green projected patterns covered the performers as they rose. Through these successive scenes, Are Are developed a theme of ascent: the performers pool their efforts, negotiate gravity, and finally achieve lift-off",,,,,,,,,,,,,Audio,,,,,,,https://vimeo.com/1166806785,https://i.vimeocdn.com/video/2191653019-7fc6ebbdc1e7c7c4b7fa9f8c3feccdd97447b48d3c11e02c65a3d985822beff5-d_1920x1080?region=us,https://i.vimeocdn.com/video/2191653019-7fc6ebbdc1e7c7c4b7fa9f8c3feccdd97447b48d3c11e02c65a3d985822beff5-d_1920x1080?region=us,,
AA82-BC-001,"Are Are - Preshow Music, Friday 2nd Show, Aftershow, Monday March 28th 2nd show",1982,,,,,,,,,,,,,,,,,Video,,,,,,video,,,,,
AA82-CS-001,Are Are Radio Edit,1983,yes,George Coates,,"Are Are premiered at Theatre Artaud’s Cavernous Performance Space in San Francisco in March 1983. The second part of the “How Trilogy,” it reunited Paul Dresher, Rinde Eckert, John Duykers, and Leonard Pitt, shifting from the distinct individual figures of The Way of How toward a coordinated group identity.
The performance opened with three performers hunched behind rear-lit screens, appearing as indistinct forms before emerging to measure their bodies with retractable tapes. Set on a deep, runway-like stage, the work developed around repeated attempts to measure, rise, and overcome physical limits. The performers moved in rolling barrels, climbed onto a rolling piano, appeared on stilts, and ultimately ascended in block-and-tackle harnesses with arms extended in flight. Pink and green projected patterns covered the performers as they rose. Through these successive scenes, Are Are developed a theme of ascent: the performers pool their efforts, negotiate gravity, and finally achieve lift-off",,,,,,,,,,,,,Audio,audio/wav,,,,,,https://soundcloud.com/sudantapesarchive/01-chairdit?in=sudantapesarchive/sets/ater-bol-akech-chairdit&utm_source=clipboard&utm_medium=text&utm_campaign=social_sharing,,,,
AA82-CS-002,Are Are,1983,yes,George Coates,,"Are Are premiered at Theatre Artaud’s Cavernous Performance Space in San Francisco in March 1983. The second part of the “How Trilogy,” it reunited Paul Dresher, Rinde Eckert, John Duykers, and Leonard Pitt, shifting from the distinct individual figures of The Way of How toward a coordinated group identity.
The performance opened with three performers hunched behind rear-lit screens, appearing as indistinct forms before emerging to measure their bodies with retractable tapes. Set on a deep, runway-like stage, the work developed around repeated attempts to measure, rise, and overcome physical limits. The performers moved in rolling barrels, climbed onto a rolling piano, appeared on stilts, and ultimately ascended in block-and-tackle harnesses with arms extended in flight. Pink and green projected patterns covered the performers as they rose. Through these successive scenes, Are Are developed a theme of ascent: the performers pool their efforts, negotiate gravity, and finally achieve lift-off",,,,,,,,,,,,,Audio,,,,,,,,,,,
AA82-UM-001,Are/Are Edit '22,1982,,George Coates,,"Are Are premiered at Theatre Artaud’s Cavernous Performance Space in San Francisco in March 1983. The second part of the “How Trilogy,” it reunited Paul Dresher, Rinde Eckert, John Duykers, and Leonard Pitt, shifting from the distinct individual figures of The Way of How toward a coordinated group identity.
The performance opened with three performers hunched behind rear-lit screens, appearing as indistinct forms before emerging to measure their bodies with retractable tapes. Set on a deep, runway-like stage, the work developed around repeated attempts to measure, rise, and overcome physical limits. The performers moved in rolling barrels, climbed onto a rolling piano, appeared on stilts, and ultimately ascended in block-and-tackle harnesses with arms extended in flight. Pink and green projected patterns covered the performers as they rose. Through these successive scenes, Are Are developed a theme of ascent: the performers pool their efforts, negotiate gravity, and finally achieve lift-off",,,,,,,,,,,,,Audio,,,,,,,,,,,
AA82-UM-005,Are/Are,1982,,George Coates,,,,,,,,,,,,,,,Audio,,,,,,,,https://storage.googleapis.com/thegeorgecoatesarchive/gc%20archive%20thumbnails/AA83-%20Are%20Are_thumbnail.png,https://storage.googleapis.com/thegeorgecoatesarchive/gc%20archive%20thumbnails/AA83-%20Are%20Are_thumbnail.png,,
AC90-CS-001,The Architecture of Catastrophic Change,1990,,George Coates,,,,,,,,,,,,,,,Video,video/mpeg4,eng,,,,video,,,,,
AC90-CS-002,The Architecture of Catastrophic Change Official Soundtrack by Marc Ream,1990,,George Coates,,,,,,,,,,,,,,,Video,video/mpeg4,eng,,,,video,,,,,
AC90-CS-003,The Architecture of Catastrophic Change Revised KKSF 1@60,1990,,George Coates,,,,,,,,,,,,,,,Video,video/mpeg4,eng,,,,video,,,,,
AS87-CS-001,5/22 Actual Sho,,,George Coates,,,,,,,,,,,,,,,Audio,,,,,,,,,,,
AS87-CS-002,Actual Sho Radio Spot - Palace of Fine Arts,,,George Coates,,,,,,,,,,,,,,,Audio,,,,,,,,,,,
AS87-CS-003,Actual Sho Excerpts by Marc Ream,,,George Coates,,,,,,,,,,,,,,,Audio,,,,,,,,,,,
AS87-UM-001,Actual Sho 4 Sunday Closeups,1987,,George Coates,,,,,,,,,,,,,,,Audio,,,,,,,,,,,
AS87-UM-003,Actual Sho Closeups - Friday 1/6/1989 - Tape 4,1987,,George Coates,,,,,,,,,,,,,,,Audio,,,,,,,,,,,
AS87-UM-004,Actual Sho Closeups - Friday 1/6/1989 - Tape 3,1987,,George Coates,,,,,,,,,,,,,,,Audio,,,,,,,,,,,
AS87-UM-005,Actual Sho Closeups - Friday 1/6/1989 - Tape 4 (1987),1987,,George Coates,,,,,,,,,,,,,,,Audio,,,,,,,,,,,
AS87-UM-006,Actual Sho Sunday Closeups #2,1987,,George Coates,,,,,,,,,,,,,,,Audio,,,,,,,,,,,
AS87-UM-007,Actual Sho Sunday Closeups #3,1987,,George Coates,,,,,,,,,,,,,,,Audio,,,,,,,,,,,
AS87-UM-008,"Actual Sho, Thursday. 8-13-87 - Palace of Fine Arts Theatre",1987,,George Coates,,,,,,,,,,,,,,,Audio,,,,,,,,,,,
AS87-VH-001,"KQED Piece on Actual Sho, John Rozcak",1987,,George Coates,,"Actual Sho (1987) was a new music theater spectacle, formed by a synthesis of familiar performance techniques with emerging ideas and technologies. The work was created through the collaboration of performers, technicians, engineers, designers, composers, architects and craftspeople from developing industries and cultural institutions in the San Francisco area. From October 1986 through June 1987 the participants met daily to pool resources and to influence each other. From these investigations a theater of phenomena is created through the interaction of talents and technology with archetypes of power; personal, political and spiritual. No single identity or individual serves as fundamental protagonist or antagonist. In Actual Sho, 'hero' is replaced by an interactive network of physical forces and human influences. Behaviors are effected through interventions of sound, light and gravity within the context o f oratorio. Performance conventions of the oratorio serve as points of departure from a form of cultural expression familiar to western audiences - the choral concert - to emerging forms of creative expression which aim to evoke, rather than provoke.",,,,,,,,,,,,,Video,video/mpeg4,eng,,,,video,,,,,
AS87-VH-002,"Actual Sho Sample, Reel 1,Sat Wide  Sunday Closeups",1987,,George Coates,,"Actual Sho (1987) was a new music theater spectacle, formed by a synthesis of familiar performance techniques with emerging ideas and technologies. The work was created through the collaboration of performers, technicians, engineers, designers, composers, architects and craftspeople from developing industries and cultural institutions in the San Francisco area. From October 1986 through June 1987 the participants met daily to pool resources and to influence each other. From these investigations a theater of phenomena is created through the interaction of talents and technology with archetypes of power; personal, political and spiritual. No single identity or individual serves as fundamental protagonist or antagonist. In Actual Sho, 'hero' is replaced by an interactive network of physical forces and human influences. Behaviors are effected through interventions of sound, light and gravity within the context o f oratorio. Performance conventions of the oratorio serve as points of departure from a form of cultural expression familiar to western audiences - the choral concert - to emerging forms of creative expression which aim to evoke, rather than provoke.",,,,,,,,,,,,,Video,video/mpeg4,eng,,,,video,,,,,
AS87-VH-003,"Actual Sho, Friday Night Dob from 3/4 SP Originals",1987,,George Coates,,"Actual Sho (1987) was a new music theater spectacle, formed by a synthesis of familiar performance techniques with emerging ideas and technologies. The work was created through the collaboration of performers, technicians, engineers, designers, composers, architects and craftspeople from developing industries and cultural institutions in the San Francisco area. From October 1986 through June 1987 the participants met daily to pool resources and to influence each other. From these investigations a theater of phenomena is created through the interaction of talents and technology with archetypes of power; personal, political and spiritual. No single identity or individual serves as fundamental protagonist or antagonist. In Actual Sho, 'hero' is replaced by an interactive network of physical forces and human influences. Behaviors are effected through interventions of sound, light and gravity within the context o f oratorio. Performance conventions of the oratorio serve as points of departure from a form of cultural expression familiar to western audiences - the choral concert - to emerging forms of creative expression which aim to evoke, rather than provoke.",,,,,,,,,,,,,Video,video/mpeg4,eng,,,,video,,,,,
AS87-VH-004,"Actual Sho, Sunday Closeups from Side Tapes 2-4",1987,,George Coates,,"Actual Sho (1987) was a new music theater spectacle, formed by a synthesis of familiar performance techniques with emerging ideas and technologies. The work was created through the collaboration of performers, technicians, engineers, designers, composers, architects and craftspeople from developing industries and cultural institutions in the San Francisco area. From October 1986 through June 1987 the participants met daily to pool resources and to influence each other. From these investigations a theater of phenomena is created through the interaction of talents and technology with archetypes of power; personal, political and spiritual. No single identity or individual serves as fundamental protagonist or antagonist. In Actual Sho, 'hero' is replaced by an interactive network of physical forces and human influences. Behaviors are effected through interventions of sound, light and gravity within the context o f oratorio. Performance conventions of the oratorio serve as points of departure from a form of cultural expression familiar to western audiences - the choral concert - to emerging forms of creative expression which aim to evoke, rather than provoke.",,,,,,,,,,,,,Video,video/mpeg4,eng,,,,video,,,,,
AS87-VH-005,Actual Shō (Sample),1987,,George Coates,,"Actual Sho (1987) was a new music theater spectacle, formed by a synthesis of familiar performance techniques with emerging ideas and technologies. The work was created through the collaboration of performers, technicians, engineers, designers, composers, architects and craftspeople from developing industries and cultural institutions in the San Francisco area. From October 1986 through June 1987 the participants met daily to pool resources and to influence each other. From these investigations a theater of phenomena is created through the interaction of talents and technology with archetypes of power; personal, political and spiritual. No single identity or individual serves as fundamental protagonist or antagonist. In Actual Sho, 'hero' is replaced by an interactive network of physical forces and human influences. Behaviors are effected through interventions of sound, light and gravity within the context o f oratorio. Performance conventions of the oratorio serve as points of departure from a form of cultural expression familiar to western audiences - the choral concert - to emerging forms of creative expression which aim to evoke, rather than provoke.",,,,,,,,,,,,,Video,video/mpeg4,eng,,,,video,,,,,
BA95-VH-001,George Coates Studio Tape #2: The Bandwidth Addict: Anchors and Tim,,,,,,,,,,,,,,,,,,Video,,,,,,video,,https://storage.googleapis.com/thegeorgecoatesarchive/gc%20archive%20thumbnails/AA83-%20Are%20Are_thumbnail.png,https://storage.googleapis.com/thegeorgecoatesarchive/gc%20archive%20thumbnails/AA83-%20Are%20Are_thumbnail.png,,
BA95-CS-001,Audition 6/28/1995,1995,,George Coates,,,,,,,,,,,,,,,Audio,,,,,,,,,,,
BBN-CS-001,Better Bad News Rehearsal | November 11 1995,1995,,George Coates,,,,,,,,,,,,,,,Audio,,,,,,,,,,,
BBN-VH-001,"Better Bad News Callbacks | August 3rd, 1995",1995,Aug,George Coates,,"Better Bad News (2003-2011) was a satirical public access show directed by George Coates and produced at Berkeley Community Media. The show features community members who read scripts from a teleprompter that engaged various political and sociocultural themes pertaining to the surveillance, Bush-era foreign policy, and the increasing polarization of American society in the 2000's. ",Audition Video,Audition for the series 'Better Bad News'/,"Berkeley, CA",,,,Berkeley Community Media,,,,George Coates,,Video,video/mpeg4,eng,,,,video,,https://storage.googleapis.com/thegeorgecoatesarchive/gc%20archive%20thumbnails/BBN-VH-001%20-%20Better%20Bad%20News%20Callbacks_001_thumbnail.png,https://storage.googleapis.com/thegeorgecoatesarchive/gc%20archive%20thumbnails/BBN-VH-001%20-%20Better%20Bad%20News%20Callbacks_001_thumbnail.png,,
BBN-VH-002,"Better Bad News | December 9th, 2003",2003,,George Coates,,"Better Bad News (2003-2011) was a satirical public access show directed by George Coates and produced at Berkeley Community Media. The show features community members who read scripts from a teleprompter that engaged various political and sociocultural themes pertaining to the surveillance, Bush-era foreign policy, and the increasing polarization of American society in the 2000's. ",,,"Berkeley, CA",,,,Berkeley Community Media,,,,George Coates,,Video,video/mpeg4,eng,,,,video,,https://storage.googleapis.com/thegeorgecoatesarchive/gc%20archive%20thumbnails/BBN-VH-001%20-%20Better%20Bad%20News%20Callbacks_001_thumbnail.png,https://storage.googleapis.com/thegeorgecoatesarchive/gc%20archive%20thumbnails/BBN-VH-001%20-%20Better%20Bad%20News%20Callbacks_001_thumbnail.png,,
BBN-VH-003,"Better Bad News | November 11th, 2003",2003,,George Coates,,"Better Bad News (2003-2011) was a satirical public access show directed by George Coates and produced at Berkeley Community Media. The show features community members who read scripts from a teleprompter that engaged various political and sociocultural themes pertaining to the surveillance, Bush-era foreign policy, and the increasing polarization of American society in the 2000's. ",,,"Berkeley, CA",,,,Berkeley Community Media,,,,George Coates,,Video,video/mpeg4,eng,,,,video,,https://storage.googleapis.com/thegeorgecoatesarchive/gc%20archive%20thumbnails/BBN-VH-003%20%7C%20Better%20Bad%20News%20November%2011th%202003_001_thumbnail.png,https://storage.googleapis.com/thegeorgecoatesarchive/gc%20archive%20thumbnails/BBN-VH-003%20%7C%20Better%20Bad%20News%20November%2011th%202003_001_thumbnail.png,,
BBN-VH-004,"Better Bad News | October 21st, 2003",2003,,George Coates,,"Better Bad News (2003-2011) was a satirical public access show directed by George Coates and produced at Berkeley Community Media. The show features community members who read scripts from a teleprompter that engaged various political and sociocultural themes pertaining to the surveillance, Bush-era foreign policy, and the increasing polarization of American society in the 2000's. ",,,"Berkeley, CA",,,,Berkeley Community Media,,,,George Coates,,Video,video/mpeg4,eng,,,,video,,https://storage.googleapis.com/thegeorgecoatesarchive/gc%20archive%20thumbnails/BBN-VH-001%20-%20Better%20Bad%20News%20Callbacks_001_thumbnail.png,https://storage.googleapis.com/thegeorgecoatesarchive/gc%20archive%20thumbnails/BBN-VH-001%20-%20Better%20Bad%20News%20Callbacks_001_thumbnail.png,,
BBN-VH-005,"Better Bad News,  Raw, Zulu Spear, Kurt Reinhardt, Notonya No Welch, December 2nd, 2003",2003,,George Coates,,"Better Bad News (2003-2011) was a satirical public access show directed by George Coates and produced at Berkeley Community Media. The show features community members who read scripts from a teleprompter that engaged various political and sociocultural themes pertaining to the surveillance, Bush-era foreign policy, and the increasing polarization of American society in the 2000's. ",,,"Berkeley, CA",,,,Berkeley Community Media,,,,George Coates,,Video,video/mpeg4,eng,,,,video,,https://storage.googleapis.com/thegeorgecoatesarchive/gc%20archive%20thumbnails/BBN-VH-001%20-%20Better%20Bad%20News%20Callbacks_001_thumbnail.png,https://storage.googleapis.com/thegeorgecoatesarchive/gc%20archive%20thumbnails/BBN-VH-001%20-%20Better%20Bad%20News%20Callbacks_001_thumbnail.png,,
BBN-VH-006,"Better Bad News, 10/07/2003",2003,,George Coates,,"Better Bad News (2003-2011) was a satirical public access show directed by George Coates and produced at Berkeley Community Media. The show features community members who read scripts from a teleprompter that engaged various political and sociocultural themes pertaining to the surveillance, Bush-era foreign policy, and the increasing polarization of American society in the 2000's. ",,,"Berkeley, CA",,,,Berkeley Community Media,,,,George Coates,,Video,video/mpeg4,eng,,,,video,,https://storage.googleapis.com/thegeorgecoatesarchive/gc%20archive%20thumbnails/BBN-VH-006%20%7C%20Better%20Bad%20News%2010.07.2003_001_thumbnail.png,https://storage.googleapis.com/thegeorgecoatesarchive/gc%20archive%20thumbnails/BBN-VH-006%20%7C%20Better%20Bad%20News%2010.07.2003_001_thumbnail.png,,
BBN-VH-007,"Better Bad News, 11/18/2003",2003,,George Coates,,"Better Bad News (2003-2011) was a satirical public access show directed by George Coates and produced at Berkeley Community Media. The show features community members who read scripts from a teleprompter that engaged various political and sociocultural themes pertaining to the surveillance, Bush-era foreign policy, and the increasing polarization of American society in the 2000's. ",,,"Berkeley, CA",,,,Berkeley Community Media,,,,George Coates,,Video,video/mpeg4,eng,,,,video,,https://storage.googleapis.com/thegeorgecoatesarchive/gc%20archive%20thumbnails/BBN-VH-008%20%7C%20Better%20Bad%20News%2012.16.2003_001_thumbnail.png,https://storage.googleapis.com/thegeorgecoatesarchive/gc%20archive%20thumbnails/BBN-VH-008%20%7C%20Better%20Bad%20News%2012.16.2003_001_thumbnail.png,,
BBN-VH-008,"Better Bad News, 12/16/2003",2003,,George Coates,,"Better Bad News (2003-2011) was a satirical public access show directed by George Coates and produced at Berkeley Community Media. The show features community members who read scripts from a teleprompter that engaged various political and sociocultural themes pertaining to the surveillance, Bush-era foreign policy, and the increasing polarization of American society in the 2000's. ",,,"Berkeley, CA",,,,Berkeley Community Media,,,,George Coates,,Video,video/mpeg4,eng,,,,video,,https://storage.googleapis.com/thegeorgecoatesarchive/gc%20archive%20thumbnails/BBN-VH-008%20%7C%20Better%20Bad%20News%2012.16.2003_001_thumbnail.png,https://storage.googleapis.com/thegeorgecoatesarchive/gc%20archive%20thumbnails/BBN-VH-008%20%7C%20Better%20Bad%20News%2012.16.2003_001_thumbnail.png,,
BBN-VH-008,"Better Bad News, December 16th, 2003 - Tape 1 & 2*",2003,,George Coates,,"Better Bad News (2003-2011) was a satirical public access show directed by George Coates and produced at Berkeley Community Media. The show features community members who read scripts from a teleprompter that engaged various political and sociocultural themes pertaining to the surveillance, Bush-era foreign policy, and the increasing polarization of American society in the 2000's. ",,,"Berkeley, CA",,,,Berkeley Community Media,,,,George Coates,,Video,video/mpeg4,eng,,,,video,,https://storage.googleapis.com/thegeorgecoatesarchive/gc%20archive%20thumbnails/BBN-VH-008%20%7C%20Better%20Bad%20News%2012.16.2003_001_thumbnail.png,https://storage.googleapis.com/thegeorgecoatesarchive/gc%20archive%20thumbnails/BBN-VH-008%20%7C%20Better%20Bad%20News%2012.16.2003_001_thumbnail.png,,
BBN-VH-009,"Better Bad News, December 23rd, 2003",2003,,George Coates,,"Better Bad News (2003-2011) was a satirical public access show directed by George Coates and produced at Berkeley Community Media. The show features community members who read scripts from a teleprompter that engaged various political and sociocultural themes pertaining to the surveillance, Bush-era foreign policy, and the increasing polarization of American society in the 2000's. ",,,"Berkeley, CA",,,,Berkeley Community Media,,,,George Coates,,Video,video/mpeg4,eng,,,,video,,https://storage.googleapis.com/thegeorgecoatesarchive/gc%20archive%20thumbnails/BBN-VH-009%20-%20Better%20Bad%20News%2010.07.2003_001_thumbnail.png,https://storage.googleapis.com/thegeorgecoatesarchive/gc%20archive%20thumbnails/BBN-VH-009%20-%20Better%20Bad%20News%2010.07.2003_001_thumbnail.png,,
BBN-VH-010,"Better Bad News, Episode 2, December 7th, 2003",2003,,George Coates,,"Better Bad News (2003-2011) was a satirical public access show directed by George Coates and produced at Berkeley Community Media. The show features community members who read scripts from a teleprompter that engaged various political and sociocultural themes pertaining to the surveillance, Bush-era foreign policy, and the increasing polarization of American society in the 2000's. ",,,"Berkeley, CA",,,,Berkeley Community Media,,,,George Coates,,Video,video/mpeg4,eng,,,,video,,https://storage.googleapis.com/thegeorgecoatesarchive/gc%20archive%20thumbnails/BBN-VH-010%20%7C%20Better%20Bad%20News%2012.23.2003_001_thumbnail.png,https://storage.googleapis.com/thegeorgecoatesarchive/gc%20archive%20thumbnails/BBN-VH-010%20%7C%20Better%20Bad%20News%2012.23.2003_001_thumbnail.png,,
BBN-VH-011,"Better Bad News, October 28th, 2003",2003,,George Coates,,"Better Bad News (2003-2011) was a satirical public access show directed by George Coates and produced at Berkeley Community Media. The show features community members who read scripts from a teleprompter that engaged various political and sociocultural themes pertaining to the surveillance, Bush-era foreign policy, and the increasing polarization of American society in the 2000's. ",,,"Berkeley, CA",,,,Berkeley Community Media,,,,George Coates,,Video,video/mpeg4,eng,,,,video,,https://storage.googleapis.com/thegeorgecoatesarchive/gc%20archive%20thumbnails/BBN-VH-011%20%7C%20Better%20Bad%20News%20October%2028th%202003_001_thumbnail.png,https://storage.googleapis.com/thegeorgecoatesarchive/gc%20archive%20thumbnails/BBN-VH-011%20%7C%20Better%20Bad%20News%20October%2028th%202003_001_thumbnail.png,,
BBN-VH-012,"Better Bad News, Zulu Spear, November 4th, 2003",2003,,George Coates,,"Better Bad News (2003-2011) was a satirical public access show directed by George Coates and produced at Berkeley Community Media. The show features community members who read scripts from a teleprompter that engaged various political and sociocultural themes pertaining to the surveillance, Bush-era foreign policy, and the increasing polarization of American society in the 2000's. ",,,"Berkeley, CA",,,,Berkeley Community Media,,,,George Coates,,Video,video/mpeg4,eng,,,,video,,https://storage.googleapis.com/thegeorgecoatesarchive/gc%20archive%20thumbnails/BBN-VH-012%20%7C%20Better%20Bad%20News%20Zulu%20Spear%20Nov%204%202003_001_thumbnail.png,https://storage.googleapis.com/thegeorgecoatesarchive/gc%20archive%20thumbnails/BBN-VH-012%20%7C%20Better%20Bad%20News%20Zulu%20Spear%20Nov%204%202003_001_thumbnail.png,,
BBN-VH-013,"Cafetorium, BE TV, September 30th, 2003",2003,,George Coates,,"Better Bad News (2003-2011) was a satirical public access show directed by George Coates and produced at Berkeley Community Media. The show features community members who read scripts from a teleprompter that engaged various political and sociocultural themes pertaining to the surveillance, Bush-era foreign policy, and the increasing polarization of American society in the 2000's. ",,,"Berkeley, CA",,,,Berkeley Community Media,,,,George Coates,,Video,video/mpeg4,eng,,,,video,,https://storage.googleapis.com/thegeorgecoatesarchive/gc%20archive%20thumbnails/BBN-VH-013%20-%20BE%20TV%20Cafetorium%20September%2030th%202003_001_thumbnail.png,https://storage.googleapis.com/thegeorgecoatesarchive/gc%20archive%20thumbnails/BBN-VH-013%20-%20BE%20TV%20Cafetorium%20September%2030th%202003_001_thumbnail.png,,
BBN-VH-014,"Cafetorium, Night 1, September 3rd, 2003",2003,,George Coates,,"Better Bad News (2003-2011) was a satirical public access show directed by George Coates and produced at Berkeley Community Media. The show features community members who read scripts from a teleprompter that engaged various political and sociocultural themes pertaining to the surveillance, Bush-era foreign policy, and the increasing polarization of American society in the 2000's. ",,,"Berkeley, CA",,,,Berkeley Community Media,,,,George Coates,,Video,video/mpeg4,eng,,,,video,https://storage.googleapis.com/thegeorgecoatesarchive/gc%20archive%20thumbnails/BBN-VH-014%20%7C%20Cafetorium%20Night%201%20Setpember%203%202003_001_thumbnail.png,https://storage.googleapis.com/thegeorgecoatesarchive/gc%20archive%20thumbnails/BBN-VH-014%20%7C%20Cafetorium%20Night%201%20Setpember%203%202003_001_thumbnail.png,,,
BBN-VH-015,"Cafetorium, September 23rd, 2003",2003,,George Coates,,"Better Bad News (2003-2011) was a satirical public access show directed by George Coates and produced at Berkeley Community Media. The show features community members who read scripts from a teleprompter that engaged various political and sociocultural themes pertaining to the surveillance, Bush-era foreign policy, and the increasing polarization of American society in the 2000's. ",,,"Berkeley, CA",,,,Berkeley Community Media,,,,George Coates,,Video,video/mpeg4,eng,,,,video,,https://storage.googleapis.com/thegeorgecoatesarchive/gc%20archive%20thumbnails/BBN-VH-015%20-%20Cafetorium%209%3A23%3A2003_001_thumbnail.png,https://storage.googleapis.com/thegeorgecoatesarchive/gc%20archive%20thumbnails/BBN-VH-015%20-%20Cafetorium%209%3A23%3A2003_001_thumbnail.png,,
BBN-VH-016,"Better Bad News, Episode 1 Dub",2004,,George Coates,,"Better Bad News (2003-2011) was a satirical public access show directed by George Coates and produced at Berkeley Community Media. The show features community members who read scripts from a teleprompter that engaged various political and sociocultural themes pertaining to the surveillance, Bush-era foreign policy, and the increasing polarization of American society in the 2000's. ",,,"Berkeley, CA",,,,Berkeley Community Media,,,,George Coates,,Video,video/mpeg4,eng,,,,video,,https://storage.googleapis.com/thegeorgecoatesarchive/gc%20archive%20thumbnails/BBN-VH-017%20-%20Better%20Bad%20News%20Episode%201%20Dub_001_thumbnail.png,https://storage.googleapis.com/thegeorgecoatesarchive/gc%20archive%20thumbnails/BBN-VH-017%20-%20Better%20Bad%20News%20Episode%201%20Dub_001_thumbnail.png,,
BBN-VH-017,"Better Bad News | February 10th, 2004",2003,,George Coates,,"Better Bad News (2003-2011) was a satirical public access show directed by George Coates and produced at Berkeley Community Media. The show features community members who read scripts from a teleprompter that engaged various political and sociocultural themes pertaining to the surveillance, Bush-era foreign policy, and the increasing polarization of American society in the 2000's. ",,,"Berkeley, CA",,,,Berkeley Community Media,,,,George Coates,,Video,video/mpeg4,eng,,,,video,,https://storage.googleapis.com/thegeorgecoatesarchive/gc%20archive%20thumbnails/BBN-VH-016%20%7C%20Better%20Bad%20News%20February%2010%202004_001_thumbnail.png,https://storage.googleapis.com/thegeorgecoatesarchive/gc%20archive%20thumbnails/BBN-VH-016%20%7C%20Better%20Bad%20News%20February%2010%202004_001_thumbnail.png,,
BBN-VH-018,"Better Bad News | January 27th, 2004",2004,,George Coates,,"Better Bad News (2003-2011) was a satirical public access show directed by George Coates and produced at Berkeley Community Media. The show features community members who read scripts from a teleprompter that engaged various political and sociocultural themes pertaining to the surveillance, Bush-era foreign policy, and the increasing polarization of American society in the 2000's. ",,,"Berkeley, CA",,,,Berkeley Community Media,,,,George Coates,,Video,video/mpeg4,eng,,,,video,,https://storage.googleapis.com/thegeorgecoatesarchive/gc%20archive%20thumbnails/BBN-VH-018%20-%20Better%20Bad%20News%20January%2027th%202004_001_thumbnail.png,https://storage.googleapis.com/thegeorgecoatesarchive/gc%20archive%20thumbnails/BBN-VH-018%20-%20Better%20Bad%20News%20January%2027th%202004_001_thumbnail.png,,
BBN-VH-019,"Better Bad News, Episode 3, April 2004",2004,,George Coates,,"Better Bad News (2003-2011) was a satirical public access show directed by George Coates and produced at Berkeley Community Media. The show features community members who read scripts from a teleprompter that engaged various political and sociocultural themes pertaining to the surveillance, Bush-era foreign policy, and the increasing polarization of American society in the 2000's. ",,,"Berkeley, CA",,,,Berkeley Community Media,,,,George Coates,,Video,video/mpeg4,eng,,,,video,,https://storage.googleapis.com/thegeorgecoatesarchive/gc%20archive%20thumbnails/BBN-VH-018%20%7C%20BBN%20Episode%203%20April%202004_001_thumbnail.png,https://storage.googleapis.com/thegeorgecoatesarchive/gc%20archive%20thumbnails/BBN-VH-018%20%7C%20BBN%20Episode%203%20April%202004_001_thumbnail.png,,
BBN-VH-020,"Better Bad News, January 6th, 2004 | Setup Shots with Zulu Spear",2004,,George Coates,,"Better Bad News (2003-2011) was a satirical public access show directed by George Coates and produced at Berkeley Community Media. The show features community members who read scripts from a teleprompter that engaged various political and sociocultural themes pertaining to the surveillance, Bush-era foreign policy, and the increasing polarization of American society in the 2000's. ",,,"Berkeley, CA",,,,Berkeley Community Media,,,,George Coates,,Video,video/mpeg4,eng,,,,video,,https://storage.googleapis.com/thegeorgecoatesarchive/gc%20archive%20thumbnails/BBN-VH-019%20-%20Better%20Bad%20News%20January%206th%202004%20-%20Setup%20Shots%20with%20Zulu%20Spear_001_thumbnail.png,https://storage.googleapis.com/thegeorgecoatesarchive/gc%20archive%20thumbnails/BBN-VH-019%20-%20Better%20Bad%20News%20January%206th%202004%20-%20Setup%20Shots%20with%20Zulu%20Spear_001_thumbnail.png,,
BBN-VH-024,"Better Bad News, Septemebr 19th, 2004",2004,,George Coates,,"Better Bad News (2003-2011) was a satirical public access show directed by George Coates and produced at Berkeley Community Media. The show features community members who read scripts from a teleprompter that engaged various political and sociocultural themes pertaining to the surveillance, Bush-era foreign policy, and the increasing polarization of American society in the 2000's. ",,,"Berkeley, CA",,,,Berkeley Community Media,,,,George Coates,,Video,video/mpeg4,eng,,,,video,,,https://storage.googleapis.com/thegeorgecoatesarchive/gc%20archive%20thumbnails/BBN-VH-024%20-%20BBN%20September%2019th%202004_001_thumbnail.png,https://storage.googleapis.com/thegeorgecoatesarchive/gc%20archive%20thumbnails/BBN-VH-024%20-%20BBN%20September%2019th%202004_001_thumbnail.png,
BBN-VH-025,"""BBN""",,,George Coates,,"Better Bad News (2003-2011) was a satirical public access show directed by George Coates and produced at Berkeley Community Media. The show features community members who read scripts from a teleprompter that engaged various political and sociocultural themes pertaining to the surveillance, Bush-era foreign policy, and the increasing polarization of American society in the 2000's. ",,,"Berkeley, CA",,,,Berkeley Community Media,,,,George Coates,,Video,video/mpeg4,eng,,,,video,,,,,
BBN-VH-026,Better Bad News Audition Tape,1995,,George Coates,,"Better Bad News (2003-2011) was a satirical public access show directed by George Coates and produced at Berkeley Community Media. The show features community members who read scripts from a teleprompter that engaged various political and sociocultural themes pertaining to the surveillance, Bush-era foreign policy, and the increasing polarization of American society in the 2000's. ",,,"Berkeley, CA",,,,Berkeley Community Media,,,,George Coates,,Video,video/mpeg4,eng,,,,video,,https://storage.googleapis.com/thegeorgecoatesarchive/gc%20archive%20thumbnails/BBN-VH-026%20%7C%20Better%20Bad%20News%20Audition%20Tape_001_thumbnail.png,https://storage.googleapis.com/thegeorgecoatesarchive/gc%20archive%20thumbnails/BBN-VH-026%20%7C%20Better%20Bad%20News%20Audition%20Tape_001_thumbnail.png,,
BBN-VH-026,"Channel Surfing Rehearsal Tape #1, Screens 1-3 | October 15th, 1993",1993,,George Coates,,,,,,,,,,,,,,,Video,video/mpeg4,eng,,,,video,,https://storage.googleapis.com/thegeorgecoatesarchive/gc%20archive%20thumbnails/BC93-VH-001%20%7C%20Channel%20Surfing%20Lockdown_001_thumbnail.png,https://storage.googleapis.com/thegeorgecoatesarchive/gc%20archive%20thumbnails/BC93-VH-001%20%7C%20Channel%20Surfing%20Lockdown_001_thumbnail.png,,
BC93-CS-001,Song from The Box Conspiracy,,,George Coates,,,,,,,,,,,,,,,Audio,,,,,,,,,,,
BC93-CS-002,Box Conspiracy 11/27/1993 Act 1,1993,,George Coates,,,,,,,,,,,,,,,Audio,,,,,,,,,,,
BC93-VH-001,"Channel Surfing, October 11th, 1993, #1,2.3,3A,4",1993,,George Coates,,"Box Conspiracy: An Interactive Sho (1993), premiered in San Francisco November 10, 1993. It takes its title from the impending introduction of the Digital Converter Box that will make interactive communication a possibility (perhaps even a necessity for every home television. George Coates' first character-driven production, it is the story of Derek Hornsby, an unemployed white collar professional, and his family. They are selected as a test family by a market research firm eager to learn which of the new 5,000 interactive TV channels people would use if they were free of charge. ""The dark side to this,"" Coates says, ""is that two-way television also means that without their knowledge, home users of the box will be monitored, their use of it recorded, and their service purchase records sold to marketers and insurance companies to learn everything about us.""",,,,,,,,,,,,,Video,video/mpeg4,eng,,,,video,,https://storage.googleapis.com/thegeorgecoatesarchive/gc%20archive%20thumbnails/BC93-VH-002%20-%20Box%20Conspiracy%20Channel%20Surfing_001_thumbnail.png,https://storage.googleapis.com/thegeorgecoatesarchive/gc%20archive%20thumbnails/BC93-VH-002%20-%20Box%20Conspiracy%20Channel%20Surfing_001_thumbnail.png,,
BC93-VH-002,"Richard Hart's Next Step on 'Box Conspiracy' | November 25th, 1993",1993,,George Coates,,"Box Conspiracy: An Interactive Sho (1993), premiered in San Francisco November 10, 1993. It takes its title from the impending introduction of the Digital Converter Box that will make interactive communication a possibility (perhaps even a necessity for every home television. George Coates' first character-driven production, it is the story of Derek Hornsby, an unemployed white collar professional, and his family. They are selected as a test family by a market research firm eager to learn which of the new 5,000 interactive TV channels people would use if they were free of charge. ""The dark side to this,"" Coates says, ""is that two-way television also means that without their knowledge, home users of the box will be monitored, their use of it recorded, and their service purchase records sold to marketers and insurance companies to learn everything about us.""",,,,,,,,,,,,,Video,video/mpeg4,eng,,,,video,,https://storage.googleapis.com/thegeorgecoatesarchive/gc%20archive%20thumbnails/BC93VH-003%20-%20Richard%20Harts%20Next%20Step_001_thumbnail.png,https://storage.googleapis.com/thegeorgecoatesarchive/gc%20archive%20thumbnails/BC93VH-003%20-%20Richard%20Harts%20Next%20Step_001_thumbnail.png,,
BC93-VH-004,"Anchor Montage, Box Conspiracy Surfing Videos",,,George Coates,,,,,,,,,,,,,,,Video,,,,,,,,,,,
BC93-VH-005,"Box Conspiracy Lockdown Ref, Act II",,,George Coates,,"Box Conspiracy: An Interactive Sho (1993), premiered in San Francisco November 10, 1993. It takes its title from the impending introduction of the Digital Converter Box that will make interactive communication a possibility (perhaps even a necessity for every home television. George Coates' first character-driven production, it is the story of Derek Hornsby, an unemployed white collar professional, and his family. They are selected as a test family by a market research firm eager to learn which of the new 5,000 interactive TV channels people would use if they were free of charge. ""The dark side to this,"" Coates says, ""is that two-way television also means that without their knowledge, home users of the box will be monitored, their use of it recorded, and their service purchase records sold to marketers and insurance companies to learn everything about us.""",,,,,,,,,,,,,Video,video/mpeg4,eng,,,,video,,,,,
BC93-VH-006,"Box Conspiracy, Lockdown, Act I",,,George Coates,,"Box Conspiracy: An Interactive Sho (1993), premiered in San Francisco November 10, 1993. It takes its title from the impending introduction of the Digital Converter Box that will make interactive communication a possibility (perhaps even a necessity for every home television. George Coates' first character-driven production, it is the story of Derek Hornsby, an unemployed white collar professional, and his family. They are selected as a test family by a market research firm eager to learn which of the new 5,000 interactive TV channels people would use if they were free of charge. ""The dark side to this,"" Coates says, ""is that two-way television also means that without their knowledge, home users of the box will be monitored, their use of it recorded, and their service purchase records sold to marketers and insurance companies to learn everything about us.""",,,,,,,,,,,,,Video,video/mpeg4,eng,,,,video,,https://storage.googleapis.com/thegeorgecoatesarchive/gc%20archive%20thumbnails/BC93-VH-007%20%3D%20Box%20Conspiracy%20Lockdown%2C%20Act%201_001_thumbnail.png,https://storage.googleapis.com/thegeorgecoatesarchive/gc%20archive%20thumbnails/BC93-VH-007%20%3D%20Box%20Conspiracy%20Lockdown%2C%20Act%201_001_thumbnail.png,,
BC93-VH-007,"Channel Surfing #3 Dub, October 15th 1993",1993,,George Coates,,"Box Conspiracy: An Interactive Sho (1993), premiered in San Francisco November 10, 1993. It takes its title from the impending introduction of the Digital Converter Box that will make interactive communication a possibility (perhaps even a necessity for every home television. George Coates' first character-driven production, it is the story of Derek Hornsby, an unemployed white collar professional, and his family. They are selected as a test family by a market research firm eager to learn which of the new 5,000 interactive TV channels people would use if they were free of charge. ""The dark side to this,"" Coates says, ""is that two-way television also means that without their knowledge, home users of the box will be monitored, their use of it recorded, and their service purchase records sold to marketers and insurance companies to learn everything about us.""",,,,,,,,,,,,,Video,video/mpeg4,eng,,,,video,https://vimeo.com/manage/videos/1169734871,https://i.vimeocdn.com/video/2191655624-1ce665d0a5e77f41533d188587178e3e3ef55190094942d4d16dba8735733989-d_1920x1080,https://i.vimeocdn.com/video/2191655624-1ce665d0a5e77f41533d188587178e3e3ef55190094942d4d16dba8735733989-d_1920x1080,,
BC93-VH-008,Excerpt from Box Conspiracy,,,George Coates,,"Box Conspiracy: An Interactive Sho (1993), premiered in San Francisco November 10, 1993. It takes its title from the impending introduction of the Digital Converter Box that will make interactive communication a possibility (perhaps even a necessity for every home television. George Coates' first character-driven production, it is the story of Derek Hornsby, an unemployed white collar professional, and his family. They are selected as a test family by a market research firm eager to learn which of the new 5,000 interactive TV channels people would use if they were free of charge. ""The dark side to this,"" Coates says, ""is that two-way television also means that without their knowledge, home users of the box will be monitored, their use of it recorded, and their service purchase records sold to marketers and insurance companies to learn everything about us.""",,,,,,,,,,,,,Video,video/mpeg4,eng,,,,video,,,,,
BC93-VH-009,"Susan Volkan, Tim Wiggins, Box Conspiracy ?",,,George Coates,,"Box Conspiracy: An Interactive Sho (1993), premiered in San Francisco November 10, 1993. It takes its title from the impending introduction of the Digital Converter Box that will make interactive communication a possibility (perhaps even a necessity for every home television. George Coates' first character-driven production, it is the story of Derek Hornsby, an unemployed white collar professional, and his family. They are selected as a test family by a market research firm eager to learn which of the new 5,000 interactive TV channels people would use if they were free of charge. ""The dark side to this,"" Coates says, ""is that two-way television also means that without their knowledge, home users of the box will be monitored, their use of it recorded, and their service purchase records sold to marketers and insurance companies to learn everything about us.""",,,,,,,,,,,,,Video,video/mpeg4,eng,,,,video,,https://storage.googleapis.com/thegeorgecoatesarchive/gc%20archive%20thumbnails/BC93-VH-010%20%7C%20Susan%20Volkan%2C%20Tim%20Wiggins%2C%20Box%20Conspiracy%20%3F_thumbnail.png,https://storage.googleapis.com/thegeorgecoatesarchive/gc%20archive%20thumbnails/BC93-VH-010%20%7C%20Susan%20Volkan%2C%20Tim%20Wiggins%2C%20Box%20Conspiracy%20%3F_thumbnail.png,,
BC93-VH-010,,,,George Coates,,,,,,,,,,,,,,,Video,video/mpeg4,eng,,,,video,,,,,
BL97-CS-001,2020 Blake,,,George Coates,,,,,,,,,,,,,,,Audio,,,,,,,,,,,
BL97-CS-002,"2020 Blake Sao Paulo, Brazil",,,George Coates,,,,,,,,,,,,,,,Audio,,,,,,,,,,,
BL97-CS-003,2020 Blake Rehearsal 8/13/1997,1997,,George Coates,,,,,,,,,,,,,,,Audio,,,,,,,,,,,
BL97-CS-004,"20/20 Blake Sao Paulo Brazil, 8/5/1996",1996,,George Coates,,,,,,,,,,,,,,,Audio,,,,,,,,,,,
BL97-CS-005,"2020 Blake Sao Paulo, Brazil - September 5th 1998",1998,,George Coates,,,,,,,,,,,,,,,Audio,,,,,,,,,,,
BL97-CS-006,2020 Blake Rehearsal | 7-19-1996,1996,,George Coates,,,,,,,,,,,,,,,Audio,,,,,,,,,,,
BL97-CS-007,20/20 Blake Music,1997,,George Coates,,,,,,,,,,,,,,,Audio,,,,,,,,,,,
BL97-VH-001,2020 Blake | August 20th 1996,1996,,George Coates,,"20/20 Blake was inspired by the life, poetry, and visual art of William Blake. Premiering in São Paulo in 1996 and receiving its North American premiere in San Francisco in 1997, the production used digitally manipulated projections of Blake’s paintings and engravings, viewed through 3-D glasses, to create an immersive stage environment in which performers appeared to move through Blake’s illuminated imagery.

Rather than presenting a linear biography, the work staged a sequence of imaginative and emotional moments from Blake’s life and visionary world. Choral performance, orchestral and rock music, dance, pantomime, projected imagery, and limited spoken text combined to translate Blake’s poetry and mythological figures—including Catherine Blake, Urizen, Thel, and Los—into a contemporary theatrical experience. The production aimed to introduce new audiences to the intensity and visual imagination of Blake’s illuminated books through an expansive, technologically experimental form of live performance.",,,,,,,,,,,,,Video,video/mpeg4,eng,,,,video,,https://storage.googleapis.com/thegeorgecoatesarchive/gc%20archive%20thumbnails/BL97-VH-001%20%7C%202020%20Blake%20August%2020th%201996_001_thumbnail.png,https://storage.googleapis.com/thegeorgecoatesarchive/gc%20archive%20thumbnails/BL97-VH-001%20%7C%202020%20Blake%20August%2020th%201996_001_thumbnail.png,,
BL97-VH-002,2020 Blake Compilation CHRON,1997,,George Coates,,"20/20 Blake was inspired by the life, poetry, and visual art of William Blake. Premiering in São Paulo in 1996 and receiving its North American premiere in San Francisco in 1997, the production used digitally manipulated projections of Blake’s paintings and engravings, viewed through 3-D glasses, to create an immersive stage environment in which performers appeared to move through Blake’s illuminated imagery.",,,,,,,,,,,,,Video,video/mpeg4,eng,,,,video,,,,,
BL97-VH-003,2020 blake,1997,,George Coates,,,,,,,,,,,,,,,Video,video/mpeg4,eng,,,,video,,,,,
BL97-VH-004,"KQED on 2020 Blake | January 31st, 1997",1997,,George Coates,,"Rather than presenting a linear biography, the work staged a sequence of imaginative and emotional moments from Blake’s life and visionary world. Choral performance, orchestral and rock music, dance, pantomime, projected imagery, and limited spoken text combined to translate Blake’s poetry and mythological figures—including Catherine Blake, Urizen, Thel, and Los—into a contemporary theatrical experience. The production aimed to introduce new audiences to the intensity and visual imagination of Blake’s illuminated books through an expansive, technologically experimental form of live performance.",,,,,,,,,,,,,Video,video/mpeg4,eng,,,,video,,,,,
BL97-VH-005,2020 Blake (Sample),1997,,George Coates,,"20/20 Blake was inspired by the life, poetry, and visual art of William Blake. Premiering in São Paulo in 1996 and receiving its North American premiere in San Francisco in 1997, the production used digitally manipulated projections of Blake’s paintings and engravings, viewed through 3-D glasses, to create an immersive stage environment in which performers appeared to move through Blake’s illuminated imagery.

Rather than presenting a linear biography, the work staged a sequence of imaginative and emotional moments from Blake’s life and visionary world. Choral performance, orchestral and rock music, dance, pantomime, projected imagery, and limited spoken text combined to translate Blake’s poetry and mythological figures—including Catherine Blake, Urizen, Thel, and Los—into a contemporary theatrical experience. The production aimed to introduce new audiences to the intensity and visual imagination of Blake’s illuminated books through an expansive, technologically experimental form of live performance.",,,,,,,,,,,,,Video,video/mpeg4,eng,,,,video,,https://storage.googleapis.com/thegeorgecoatesarchive/gc%20archive%20thumbnails/BL97-VH-005%20%7C%202020%20Blake%20Work%20Sample_001_thumbnail.png,https://storage.googleapis.com/thegeorgecoatesarchive/gc%20archive%20thumbnails/BL97-VH-005%20%7C%202020%20Blake%20Work%20Sample_001_thumbnail.png,,
BL97-VH-005,2020 Blake (Sample)*,1997,,George Coates,,"20/20 Blake was inspired by the life, poetry, and visual art of William Blake. Premiering in São Paulo in 1996 and receiving its North American premiere in San Francisco in 1997, the production used digitally manipulated projections of Blake’s paintings and engravings, viewed through 3-D glasses, to create an immersive stage environment in which performers appeared to move through Blake’s illuminated imagery.

Rather than presenting a linear biography, the work staged a sequence of imaginative and emotional moments from Blake’s life and visionary world. Choral performance, orchestral and rock music, dance, pantomime, projected imagery, and limited spoken text combined to translate Blake’s poetry and mythological figures—including Catherine Blake, Urizen, Thel, and Los—into a contemporary theatrical experience. The production aimed to introduce new audiences to the intensity and visual imagination of Blake’s illuminated books through an expansive, technologically experimental form of live performance.",,,,,,,,,,,,,Video,video/mpeg4,eng,,,,video,,,,,
BM98-CS-001,Forest Fang Blind Messenger,,,George Coates,,,,,,,,,,,,,,,Audio,,,,,,,,,,,
BM98-CS-002,"Blind Messenger Audio Compilation | June 12th, 1998",1998,,George Coates,,,,,,,,,,,,,,,Audio,,,,,,,,,,,
BM98-CS-003,"Blind Messengers, 8/15",,,George Coates,,,,,,,,,,,,,,,Audio,,,,,,,,,,,
BM98-CS-004,Blind Messengers Rehearsal Compilation,,,George Coates,,,,,,,,,,,,,,,Audio,,,,,,,,,,,
BM98-CS-005,Blind Messengers | Music Compilation,,,George Coates,,,,,,,,,,,,,,,Audio,,,,,,,,,,,
DM92-CS-001,Steve Reich: The Desert Music Excerpt Part 4,1985,,George Coates,,,,,,,,,,,,,,,Audio,,,,,,,,,,,
DM92-CS-002,Steve Reich: The Desert Music Excerpt Part 5,1985,,George Coates,,,,,,,,,,,,,,,Audio,,,,,,,,,,,
DM92-CS-003,,,,George Coates,,,,,,,,,,,,,,,Audio,,,,,,,,,,,
DM92-VH-001,The Desert Music: NYPL Lincoln Archives,1985,,George Coates,,,,,,,,,,,,,,,Audio,,,,,,,,https://storage.googleapis.com/thegeorgecoatesarchive/gc%20archive%20thumbnails/DM92-VH-001%20%7C%20Desert%20Music%20NYPLLincoln%20Center%20Archives_thumbnail.png,https://storage.googleapis.com/thegeorgecoatesarchive/gc%20archive%20thumbnails/DM92-VH-001%20%7C%20Desert%20Music%20NYPLLincoln%20Center%20Archives_thumbnail.png,,
INT-CS-001,International Theatre (George Coates) | 12-17-1983,1983,,George Coates,,,,,,,,,,,,,,,Audio,,,,,,,,,,,
INT-CS-002,"GCPW: NPR Broadcast Morning Edition | December 22nd, 1992",1992,,George Coates,,,,,,,,,,,,,,,Audio,,,,,,,,,,,
INT-CS-003,"Forum: Art & Technology - KQED-FM | February 24th, 1995",1995,,George Coates,,,,,,,,,,,,,,,Audio,,,,,,,,,,,
INT-CS-004,KQED Interview/Review (Could be dub of #55),,,George Coates,,,,,,,,,,,,,,,Audio,,,,,,,,,,,
INT-CS-005,George & Steve Jobs - 4/27/1988,1988,,George Coates,,,,,,,,,,,,,,,Audio,,,,,,,,,,,
INT-CS-006,101 California KGO Radio,,,George Coates,,,,,,,,,,,,,,,Audio,,,,,,,,,,,
INT-CS-007,KPFA: Spalding Gray and George Coates - August 9th 1982,1982,,George Coates,,,,,,,,,,,,,,,Audio,,,,,,,,,,,
INT-CS-008,George Coates KALW,,,George Coates,,,,,,,,,,,,,,,Audio,,,,,,,,,,,
INT-CS-009,Passion! KPFA 6/2/1996,1996,,George Coates,,,,,,,,,,,,,,,Audio,,,,,,,,,,,
INT-CS-010,"KBLX Feature: ""What's Going On"" Re: Actual Sho",,,George Coates,,,,,,,,,,,,,,,Audio,,,,,,,,,,,
INT-CS-011,"Bernard Weiner Show, KPFA 1/10/1992",1992,,George Coates,,,,,,,,,,,,,,,Audio,,,,,,,,,,,
INT-UM-001,LBMAVIDEO - George Coates Performance Works Profile by Cathleen Kane and Joe Leonardi,1993,,George Coates,,,,,,,,,,,,,,,Video,,,,,,video,https://vimeo.com/1166807146/d13d2072ce,https://i.vimeocdn.com/video/2129580928-1b620ecee09c6409f473b01b4ae8bbb8412aaa3a3fa8bc8fb8341dfeb3f230df-d_1920x1080?region=us,https://i.vimeocdn.com/video/2129580928-1b620ecee09c6409f473b01b4ae8bbb8412aaa3a3fa8bc8fb8341dfeb3f230df-d_1920x1080?region=us,,
INT-UM-002,AreAre included in KQED'S Documentary Breaking the Mold,,,George Coates,,,,,,,,,,,,,,,Video,,,,,,,,,,,
INT-UM-003,"Actual Sho GCPW Art Notes KQED-TV Sam Francisco, October 25th, 1987",1987,,George Coates,,,,,,,,,,,,,,,Video,,,,,,video,,,,,
INT-UM-004,"Worldnet 486, Euronet 261 September 15t, 1987 Guests: Coates/Osborne/Marx, Producers: K. Sale and M. Poulard",1987,,George Coates,,,,,,,,,,,,,,,Video,,,,,,video,https://vimeo.com/1166807550,https://i.vimeocdn.com/video/2129580659-f9fcb785c1825f785ae44470d82d6ddb90ff1000904b3f087cc8de7acf24d78b-d_1920x1080?region=us,https://i.vimeocdn.com/video/2129580659-f9fcb785c1825f785ae44470d82d6ddb90ff1000904b3f087cc8de7acf24d78b-d_1920x1080?region=us,,
INT-VH-001,"George Coates Performance Works, Art Notes KQED-TV | October 25th, 1987",1987,,KQED,,,,,,,,,,,,,,,Video,video/mpeg4,eng,,,,video,,https://storage.googleapis.com/thegeorgecoatesarchive/gc%20archive%20thumbnails/INT-VH-001%20%7C%20Art%20Notes%20KQED%20(1987)_thumbnail.png,https://storage.googleapis.com/thegeorgecoatesarchive/gc%20archive%20thumbnails/INT-VH-001%20%7C%20Art%20Notes%20KQED%20(1987)_thumbnail.png,,
INT-VH-002,GCPW Profile | LBMA,1993,,Long Beach Museum of Art,,,,,,,,,,,,,,,Video,video/mpeg4,eng,,,,video,,,,,
INT-VH-004,CNN Virtual World w/ Joann Driscoll,,,CNN,,,,,,,,,,,,,,,Video,video/mpeg4,eng,,,,video,,https://storage.googleapis.com/thegeorgecoatesarchive/gc%20archive%20thumbnails/INT-VH-004%20%7C%20CNN%20Virtual%20World%20with%20Joanne%20Driscoll%20(1993)_thumbnail.png,https://storage.googleapis.com/thegeorgecoatesarchive/gc%20archive%20thumbnails/INT-VH-004%20%7C%20CNN%20Virtual%20World%20with%20Joanne%20Driscoll%20(1993)_thumbnail.png,,
INT-VH-006,Intermedia Conference 1993,1993,,International Conference on New Media and CD-ROM,,,,,,,,,,,,,,,Video,video/mpeg4,eng,,,,video,https://vimeo.com/1170441283/ce8909d993?share=copy&fl=sv&fe=ci,https://imglink.cc/cdn/OrfzQqkdSn.png,https://imglink.cc/cdn/OrfzQqkdSn.png,,
INT-VH-007,GCPW Compilation,,,George Coates,,,,,,,,,,,,,,,Video,video/mpeg4,eng,,,,video,,https://storage.googleapis.com/thegeorgecoatesarchive/gc%20archive%20thumbnails/INT-VH-007%20-%20GCPW%20Compilation%20_001_thumbnail.png,https://storage.googleapis.com/thegeorgecoatesarchive/gc%20archive%20thumbnails/INT-VH-007%20-%20GCPW%20Compilation%20_001_thumbnail.png,,
INT-VH-008,"Channel 7 @ 6PM | Aug 15, 1995",1995,,George Coates,,,,,,,,,,,,,,,Video,video/mpeg4,eng,,,,video,,,,,
INT-VH-009,California State of the Arts | 2001,2001,,California Arts Council,,,,,,,,,,,,,,,Video,video/mpeg4,eng,,,,video,,,,,
INT-VH-010,GCPW KQED Spot,,,KQED,,,,,,,,,,,,,,,Video,video/mpeg4,eng,,,,video,,https://storage.googleapis.com/thegeorgecoatesarchive/gc%20archive%20thumbnails/INT-VH-010%20%7C%20GCPW%20KQED%20Spot%20(REVIEW)_thumbnail.png,https://storage.googleapis.com/thegeorgecoatesarchive/gc%20archive%20thumbnails/INT-VH-010%20%7C%20GCPW%20KQED%20Spot%20(REVIEW)_thumbnail.png,,
INT-VH-011,GCPW NEA Sample,,,George Coates,,,,,,,,,,,,,,,Video,video/mpeg4,eng,,,,video,,https://storage.googleapis.com/thegeorgecoatesarchive/gc%20archive%20thumbnails/INT-VH-011%20%7C%20GCPW%20National%20Endowment%20for%20Arts%20Sample_thumbnail.png,https://storage.googleapis.com/thegeorgecoatesarchive/gc%20archive%20thumbnails/INT-VH-011%20%7C%20GCPW%20National%20Endowment%20for%20Arts%20Sample_thumbnail.png,,
INT-VH-012,Excerpts from Various Works (1983–1991),,,George Coates,,,,,,,,,,,,,,,Video,video/mpeg4,eng,,,,video,,,,,
INT-VH-013,KQED “The Creative Mind”,,,KQED,,,,,,,,,,,,,,,Video,video/mpeg4,eng,,,,video,https://vimeo.com/1171990128,https://i.vimeocdn.com/video/2131679120-1f834fe71c18368820187c179cb55435d5ba3e6b335ab4c88b1b7874eba90332-d_1920x1080,https://i.vimeocdn.com/video/2131679120-1f834fe71c18368820187c179cb55435d5ba3e6b335ab4c88b1b7874eba90332-d_1920x1080,,
INT-VH-014,Creative Mind & Double Vision,,,"KQED, George Coates",,,,,,,,,,,,,,,Video,video/mpeg4,eng,,,,video,,,,,
INT-VH-016,NTT/ICC Promotion,,,George Coates,,,,,,,,,,,,,,,Video,video/mpeg4,eng,,,,video,,,,,
IS91-BC-001,"Tape #3: Invisible site, Ch 102, Channel 304, Channel 103",,,,,,,,,,,,,,,,,,Video,,,,,,video,,,,,
IS91-CS-001,Invisible #1 Site,,,George Coates,,,,,,,,,,,,,,,Audio,,,,,,,,,,,
IS91-CS-002,Mantra & Ian: Invisible Site,,,George Coates,,,,,,,,,,,,,,,Audio,,,,,,,,,,,
IS91-CS-003,Invisible Site by Cy Musiker - NPR - August 15th,,,George Coates,,,,,,,,,,,,,,,Audio,,,,,,,,,,,
IS91-CS-004,Auditions - 12/8/1991,1991,,George Coates,,,,,,,,,,,,,,,Audio,,,,,,,,,,,
IS91-UM-001,"Invisible Site - 1992, George Coates Performance Works",1992,,George Coates,,,,,,,,,,,,,,,Video,,,,,,video,https://vimeo.com/1166807237?share=copy&fl=sv&fe=ci,https://i.vimeocdn.com/video/2191656382-e6e5baa72a28947823d2a4b411f2bc667f995fcc7066bcd1ef617aa95f5b68c3-d_1920x1080,https://i.vimeocdn.com/video/2191656382-e6e5baa72a28947823d2a4b411f2bc667f995fcc7066bcd1ef617aa95f5b68c3-d_1920x1080,,
IS91-UM-002,Invisible Site 30 Second Spot with Titles,1992,,George Coates,,,,,,,,,,,,,,,Video,,,,,,video,,,,,
IS91-UM-003,Invisible Site Bob Powell Titles,1992,,George Coates,,,,,,,,,,,,,,,Video,,,,,,video,,,,,
IS91-UM-004,"Invisible Site with Titles, 30 Seconds / 15 Seconds / GCPW Invisible Site 1992 - 15 seconds with Work Titles",1992,,George Coates,,,,,,,,,,,,,,,Video,,,,,,video,,,,,
IS91-UM-005,"Invisible Site, 15 Seconds, 30 Second Spots",1992,,George Coates,,,,,,,,,,,,,,,Video,,,,,,video,,,,,
IS92-VH-001,Invisible Site Sample (1992),1992,,George Coates,,,,,,,,,,,,,,,Video,video/mpeg4,eng,,,,video,,https://storage.googleapis.com/thegeorgecoatesarchive/gc%20archive%20thumbnails/IS92-VH-001%20%7C%20Invisible%20Site%20Sample_thumbnail.png,https://storage.googleapis.com/thegeorgecoatesarchive/gc%20archive%20thumbnails/IS92-VH-001%20%7C%20Invisible%20Site%20Sample_thumbnail.png,,
IS92-VH-002,Invisible Site | KRON-TV “A Step Ahead”,,,KRON-TV,,,,,,,,,,,,,,,Video,video/mpeg4,eng,,,,video,,,,,
IS92-VH-003,Invisible Site,,,George Coates,,,,,,,,,,,,,,,Video,video/mpeg4,eng,,,,video,,,,,
IS93-VH-004,CNN Virtual Reality Piece (features Invisible Site),,,CNN,,,,,,,,,,,,,,,Video,video/mpeg4,eng,,,,video,,https://storage.googleapis.com/thegeorgecoatesarchive/gc%20archive%20thumbnails/IS92-VH-004%20%7C%20CNN%20Piece%20on%20Virtual%20Reality_thumbnail.png,https://storage.googleapis.com/thegeorgecoatesarchive/gc%20archive%20thumbnails/IS92-VH-004%20%7C%20CNN%20Piece%20on%20Virtual%20Reality_thumbnail.png,,
MS-BC-016,"Meantime, NPG, SF (excerpt ""spots"" followed by complete performance)",,,,,,,,,,,,,,,,,,Video,,,,,,video,,,,,
MS-CS-001,June 22nd: Visual Schematic Meeting,,,George Coates,,,,,,,,,,,,,,,Audio,,,,,,,,,,,
MS-CS-002,Mom's Rehearsal | 4/26 | Act I,,,George Coates,,,,,,,,,,,,,,,Audio,,,,,,,,,,,
MS-CS-003,Mom's - From Tenderloin to End of Show Side A,,,George Coates,,,,,,,,,,,,,,,Audio,,,,,,,,,,,
MS-CS-004,"March 12th, 1991 Rehearsal",1991,,George Coates,,,,,,,,,,,,,,,Audio,,,,,,,,,,,
MS-CS-005,"July 29th, 1993 | Evening Rehearsals",1993,,George Coates,,,,,,,,,,,,,,,Audio,,,,,,,,,,,
MS-CS-006,"Marc Ream Music Application, 1984",1984,,George Coates,,,,,,,,,,,,,,,Audio,,,,,,,,,,,
MS-CS-007,Mom's Act II | Friday 4/25,,,George Coates,,,,,,,,,,,,,,,Audio,,,,,,,,,,,
MS-CS-008,"Julie Driscoll and Brian Auger ""Open"" & The Trinity",,,George Coates,,,,,,,,,,,,,,,Audio,,,,,,,,,,,
MS-CS-009,GCPW Tahada Practice,,,George Coates,,,,,,,,,,,,,,,Audio,,,,,,,,,,,
MS-CS-010,Job Underscore,,,George Coates,,,,,,,,,,,,,,,Audio,,,,,,,,,,,
MS-CS-011,Special Workshop Class from Hall,,,George Coates,,,,,,,,,,,,,,,Audio,,,,,,,,,,,
MS-CS-012,Mom + George Coates - Phil in Marines,,,George Coates,,,,,,,,,,,,,,,Audio,,,,,,,,,,,
MS-CS-013,"GCPW & SF Chamber Singers - ""Sense Revolution""",,,George Coates,,,,,,,,,,,,,,,Audio,,,,,,,,,,,
MS-CS-014,Mom Sequence 4/24,,,George Coates,,,,,,,,,,,,,,,Audio,,,,,,,,,,,
MS-CS-015,Rappin Mom and Dancing Mom,,,George Coates,,,,,,,,,,,,,,,Audio,,,,,,,,,,,
MS-CS-016,Mock City Council Read-ins August 5th 2002,2002,,George Coates,,,,,,,,,,,,,,,Audio,,,,,,,,,,,
MS-CS-017,Music by Barbara Imhoff 1990,1990,,Barbara Imhoff,,,,,,,,,,,,,,,Audio,,,,,,,,,,,
MS-CS-018,George Coates the Carroll Project - Musical Excerpts by Marc Ream,,,George Coates,,,,,,,,,,,,,,,Audio,,,,,,,,,,,
MS-CS-019,GCPW Rehearsal Tape 1-18-1995 Tape 1,1995,,George Coates,,,,,,,,,,,,,,,Audio,,,,,,,,,,,
MS-CS-020,GCPW Rehearsal Tape 1-18-1995 Tape 2,1995,,George Coates,,,,,,,,,,,,,,,Audio,,,,,,,,,,,
MS-UM-001,"Meantime Excerpts, 30-60-90 second shots, August 18th, 1985, New Performance Gallery SF",1985,,George Coates,,,,,,,,,,,,,,,Video,,,,,,video,,,,,
MS-UM-002,"SF Ballet, Victoria Morgan Excerpts",,,George Coates,,,,,,,,,,,,,,,Video,,,,,,video,,,,,
MS-UM-003,"Enhanced Master, Meantime - Sunday, 8-18-1985",1985,,,,,,,,,,,,,,,,,Video,,,,,,video,,,,,
MS-UM-004,"Enhanced Master, Thursday, Actual Sho, Palace of Fine Arts Theatre",19,,,,,,,,,,,,,,,,,Video,,,,,,video,,,,,
MS-UM-005,Memory Stop,,,,,,,,,,,,,,,,,,Video,,,,,,video,,,,,
MS-VH-001,Urban Arts & Politics Workshop | 1982,1982,,George Coates,,,,,,,,,,,,,,,Video,video/mpeg4,eng,,,,video,,https://storage.googleapis.com/thegeorgecoatesarchive/gc%20archive%20thumbnails/MS-VH-001%20%7C%20Urban%20Art%20%26%20Politics%20Workshop%20February%201982_thumbnail.png,https://storage.googleapis.com/thegeorgecoatesarchive/gc%20archive%20thumbnails/MS-VH-001%20%7C%20Urban%20Art%20%26%20Politics%20Workshop%20February%201982_thumbnail.png,,
MS-VH-002,GCPW Video Images | 1989,1989,,George Coates,,,,,,,,,,,,,,,Video,video/mpeg4,eng,,,,video,,https://storage.googleapis.com/thegeorgecoatesarchive/gc%20archive%20thumbnails/MS-VH-002%20-%20GCPW%20Video%20Images%202.26.1989_001_thumbnail.png,https://storage.googleapis.com/thegeorgecoatesarchive/gc%20archive%20thumbnails/MS-VH-002%20-%20GCPW%20Video%20Images%202.26.1989_001_thumbnail.png,,
MS-VH-003,Make Systems Show Loop | 1995,,,,,,,,,,,,,,,,,,Video,video/mpeg4,eng,,,,video,,,,,
MS-VH-004,The Memory Project | 1995,1995,,,,,,,,,,,,,,,,,Video,video/mpeg4,eng,,,,video,,https://storage.googleapis.com/thegeorgecoatesarchive/gc%20archive%20thumbnails/NEEDS%20AUDIO%20RESYNC%20-%20MS-VH-004%20-%20The%20Memory%20Project%2C%201995_001_thumbnail.png,https://storage.googleapis.com/thegeorgecoatesarchive/gc%20archive%20thumbnails/NEEDS%20AUDIO%20RESYNC%20-%20MS-VH-004%20-%20The%20Memory%20Project%2C%201995_001_thumbnail.png,,
MS-VH-005,"GCPW Roll-Ins | Feb 1, 1996",,,,,,,,,,,,,,,,,,Video,video/mpeg4,eng,,,,video,,https://storage.googleapis.com/thegeorgecoatesarchive/gc%20archive%20thumbnails/MS-VH-006%20%7C%20GCPW%20Roll-Ins_thumbnail.png,https://storage.googleapis.com/thegeorgecoatesarchive/gc%20archive%20thumbnails/MS-VH-006%20%7C%20GCPW%20Roll-Ins_thumbnail.png,,
MS-VH-006,San Jose Taiko Group | 1998,1998,,,,,,,,,,,,,,,,,Video,video/mpeg4,eng,,,,video,,,,,
MS-VH-007,"Berkeley Mock City Council | May 4, 1999 (1/2)",1999,,George Coates,,,,,,,,,,,,,,,Video,video/mpeg4,eng,,,,video,,https://storage.googleapis.com/thegeorgecoatesarchive/gc%20archive%20thumbnails/MS-VH-007%20%7C%20Berkeley%20City%20Mock%20Council%2C%20May%204th%2C%201999%20(Tape%201%20of%202)_thumbnail.png,https://storage.googleapis.com/thegeorgecoatesarchive/gc%20archive%20thumbnails/MS-VH-007%20%7C%20Berkeley%20City%20Mock%20Council%2C%20May%204th%2C%201999%20(Tape%201%20of%202)_thumbnail.png,,
MS-VH-008,"Berkeley Mock City Council | May 4, 1999 (2/2)",1999,,George Coates,,,,,,,,,,,,,,,Video,video/mpeg4,eng,,,,video,,,,,
MS-VH-009,"Mock City Council | Mar 21, 1999",1999,,George Coates,,,,,,,,,,,,,,,Video,video/mpeg4,eng,,,,video,,https://storage.googleapis.com/thegeorgecoatesarchive/gc%20archive%20thumbnails/MS-VH-009%20-%20Mock%20City%20Council%20March%2021%2C%201999_001_thumbnail.png,https://storage.googleapis.com/thegeorgecoatesarchive/gc%20archive%20thumbnails/MS-VH-009%20-%20Mock%20City%20Council%20March%2021%2C%201999_001_thumbnail.png,,
MS-VH-010,"Mock City Council Rehearsal | Mar 28, 1999",1999,,George Coates,,,,,,,,,,,,,,,Video,video/mpeg4,eng,,,,video,,https://storage.googleapis.com/thegeorgecoatesarchive/gc%20archive%20thumbnails/MS-VH-010%20%7C%20Mock%20City%20Council%20Rehearsal%20Tape%20March%2028th%201999%20copy_001_thumbnail.png,https://storage.googleapis.com/thegeorgecoatesarchive/gc%20archive%20thumbnails/MS-VH-010%20%7C%20Mock%20City%20Council%20Rehearsal%20Tape%20March%2028th%201999%20copy_001_thumbnail.png,,
MS-VH-011,"Mock City Council Rehearsal | Apr 11, 1999",1999,,George Coates,,,,,,,,,,,,,,,Video,video/mpeg4,eng,,,,video,,,,,
MS-VH-012,"Berkeley Mock City Council | Aug 9, 2002",2002,,George Coates,,,,,,,,,,,,,,,Video,video/mpeg4,eng,,,,video,,https://storage.googleapis.com/thegeorgecoatesarchive/gc%20archive%20thumbnails/MS-VH-012%20%7C%20Berkeley%20Mock%20City%20Council%2C%20August%209th%2C%202002_001_thumbnail.png,https://storage.googleapis.com/thegeorgecoatesarchive/gc%20archive%20thumbnails/MS-VH-012%20%7C%20Berkeley%20Mock%20City%20Council%2C%20August%209th%2C%202002_001_thumbnail.png,,
MS-VH-013,Mock City Council 2002,2002,,George Coates,,,,,,,,,,,,,,,Video,video/mpeg4,eng,,,,video,,,,,
MS-VH-014,"Rehearsal | Aug 16, 2002",2002,,George Coates,,,,,,,,,,,,,,,Video,video/mpeg4,eng,,,,video,,,,,
MS-VH-015,Suspicious Behavior (various dates),,,George Coates,,,,,,,,,,,,,,,Video,video/mpeg4,eng,,,,video,,https://storage.googleapis.com/thegeorgecoatesarchive/gc%20archive%20thumbnails/MS-VH-015%20-%20The%20Berkeley%20City%20Mock%20Council%20in%20Suspicious%20Behavior%208.13.2002_001_thumbnail.png,https://storage.googleapis.com/thegeorgecoatesarchive/gc%20archive%20thumbnails/MS-VH-015%20-%20The%20Berkeley%20City%20Mock%20Council%20in%20Suspicious%20Behavior%208.13.2002_001_thumbnail.png,,
MS-VH-016,ADD/Surplus Capacity Syndrome,,,George Coates,,,,,,,,,,,,,,,Video,video/mpeg4,eng,,,,video,,https://storage.googleapis.com/thegeorgecoatesarchive/gc%20archive%20thumbnails/MS-VH-016%20%7C%20ADD%20Surplus%20Capacity%20Syndrome_thumbnail.png,https://storage.googleapis.com/thegeorgecoatesarchive/gc%20archive%20thumbnails/MS-VH-016%20%7C%20ADD%20Surplus%20Capacity%20Syndrome_thumbnail.png,,
MS-VH-017,CA Retro World 1996,1996,,George Coates,,,,,,,,,,,,,,,Video,video/mpeg4,eng,,,,video,,,,,
MS-VH-018,Brian Springer Satellite Footage,,,George Coates,,,,,,,,,,,,,,,Video,video/mpeg4,eng,,,,video,,,,,
MS-VH-019,George Coates Athens Edit,,,George Coates,,,,,,,,,,,,,,,Video,video/mpeg4,eng,,,,video,,https://storage.googleapis.com/thegeorgecoatesarchive/gc%20archive%20thumbnails/MS-VH-019%20-%20George%20Coates%20Athens%20Edit_001_thumbnail.png,https://storage.googleapis.com/thegeorgecoatesarchive/gc%20archive%20thumbnails/MS-VH-019%20-%20George%20Coates%20Athens%20Edit_001_thumbnail.png,,
MS-VH-020,Moscone Bust (First Edit),,,George Coates,,,,,,,,,,,,,,,Video,video/mpeg4,eng,,,,video,,,,,
MS-VH-026,"Meantime, Eiko & Koma",,,George Coates,,,,,,,,,,,,,,,Video,video/mpeg4,eng,,,,video,,https://storage.googleapis.com/thegeorgecoatesarchive/gc%20archive%20thumbnails/MS-VH-026%20%7C%20Meantime%20Eiko%20Koma_thumbnail.png,https://storage.googleapis.com/thegeorgecoatesarchive/gc%20archive%20thumbnails/MS-VH-026%20%7C%20Meantime%20Eiko%20Koma_thumbnail.png,,
MS-VH-021,Urban Workshop Politics Debate,,,George Coates,,,,,,,,,,,,,,,Video,video/mpeg4,eng,,,,video,,,,,
NN94-CS-001,Act II Finale - Nowhere Nowhere | March 5th 1994,1994,,George Coates,,,,,,,,,,,,,,,Audio,,,,,,,,,,,
NN94-CS-002,"Act 2 Finale Shorter: (Nowhere Nowhere?) | March 5th, 1994",1994,,George Coates,,,,,,,,,,,,,,,Audio,,,,,,,,,,,
NN94-CS-003,Nowhere Nowhere Music Mix,,,George Coates,,,,,,,,,,,,,,,Audio,,,,,,,,,,,
NN94-VH-001,"The Nowhere Band | March 2, 1995",1995,,George Coates,,"Nowhere Nowhere (1994) was an immersive multimedia stage work by George Coates that combined live singing and performance with real-time computer graphics, film imagery, and stereoscopic 3-D effects. Developed through Coates’s collaborations with engineers and technology partners—including NASA Ames Research Center, Apple Computer, Intel, and the Science Meets the Arts Society (SMARTS)—the production explored how emerging digital tools could extend live theater beyond the conventional stage.

At its 1994 world premiere at IC ’94, the work used the Livemax 4D system to transform the stage environment in response to performers’ movements. Actors appeared to enter and disappear from virtual spaces, pass through architectural forms, and become digitally altered figures, while audiences wearing 3-D glasses experienced the imagery as a shared theatrical environment. Framed as a fantasy of childhood imagination, the work follows a young girl who learns a magical song from a bird and journeys through a mutable electronic forest, changing her appearance, age, and surroundings along the way.",,,,,,,,,,,,,Video,video/mpeg4,eng,,,,video,,https://storage.googleapis.com/thegeorgecoatesarchive/gc%20archive%20thumbnails/NN94-VH-003%20%3D%20The%20Nowwhere%20Band%2C%20March%202%201995_001_thumbnail.png,https://storage.googleapis.com/thegeorgecoatesarchive/gc%20archive%20thumbnails/NN94-VH-003%20%3D%20The%20Nowwhere%20Band%2C%20March%202%201995_001_thumbnail.png,,
NN94-VH-002,“Abduction By Appointment”,,,George Coates,,"Nowhere Nowhere (1994) was an immersive multimedia stage work by George Coates that combined live singing and performance with real-time computer graphics, film imagery, and stereoscopic 3-D effects. Developed through Coates’s collaborations with engineers and technology partners—including NASA Ames Research Center, Apple Computer, Intel, and the Science Meets the Arts Society (SMARTS)—the production explored how emerging digital tools could extend live theater beyond the conventional stage.

At its 1994 world premiere at IC ’94, the work used the Livemax 4D system to transform the stage environment in response to performers’ movements. Actors appeared to enter and disappear from virtual spaces, pass through architectural forms, and become digitally altered figures, while audiences wearing 3-D glasses experienced the imagery as a shared theatrical environment. Framed as a fantasy of childhood imagination, the work follows a young girl who learns a magical song from a bird and journeys through a mutable electronic forest, changing her appearance, age, and surroundings along the way.",,,,,,,,,,,,,Video,video/mpeg4,eng,,,,video,,,,,
NN94-VH-003,Bandwidth Addict/Nowhere Band Studio Reel,,,George Coates,,"Nowhere Nowhere (1994) was an immersive multimedia stage work by George Coates that combined live singing and performance with real-time computer graphics, film imagery, and stereoscopic 3-D effects. Developed through Coates’s collaborations with engineers and technology partners—including NASA Ames Research Center, Apple Computer, Intel, and the Science Meets the Arts Society (SMARTS)—the production explored how emerging digital tools could extend live theater beyond the conventional stage.

At its 1994 world premiere at IC ’94, the work used the Livemax 4D system to transform the stage environment in response to performers’ movements. Actors appeared to enter and disappear from virtual spaces, pass through architectural forms, and become digitally altered figures, while audiences wearing 3-D glasses experienced the imagery as a shared theatrical environment. Framed as a fantasy of childhood imagination, the work follows a young girl who learns a magical song from a bird and journeys through a mutable electronic forest, changing her appearance, age, and surroundings along the way.",,,,,,,,,,,,,Video,video/mpeg4,eng,,,,video,,,,,
NN94-VH-004,The Nowhere Band,,,George Coates,,"Nowhere Nowhere (1994) was an immersive multimedia stage work by George Coates that combined live singing and performance with real-time computer graphics, film imagery, and stereoscopic 3-D effects. Developed through Coates’s collaborations with engineers and technology partners—including NASA Ames Research Center, Apple Computer, Intel, and the Science Meets the Arts Society (SMARTS)—the production explored how emerging digital tools could extend live theater beyond the conventional stage.

At its 1994 world premiere at IC ’94, the work used the Livemax 4D system to transform the stage environment in response to performers’ movements. Actors appeared to enter and disappear from virtual spaces, pass through architectural forms, and become digitally altered figures, while audiences wearing 3-D glasses experienced the imagery as a shared theatrical environment. Framed as a fantasy of childhood imagination, the work follows a young girl who learns a magical song from a bird and journeys through a mutable electronic forest, changing her appearance, age, and surroundings along the way.",,,,,,,,,,,,,Video,video/mpeg4,eng,,,,video,,,,,
NN94-VH-005,Nowhere Nowhere,,,George Coates,,"Nowhere Nowhere (1994) was an immersive multimedia stage work by George Coates that combined live singing and performance with real-time computer graphics, film imagery, and stereoscopic 3-D effects. Developed through Coates’s collaborations with engineers and technology partners—including NASA Ames Research Center, Apple Computer, Intel, and the Science Meets the Arts Society (SMARTS)—the production explored how emerging digital tools could extend live theater beyond the conventional stage.

At its 1994 world premiere at IC ’94, the work used the Livemax 4D system to transform the stage environment in response to performers’ movements. Actors appeared to enter and disappear from virtual spaces, pass through architectural forms, and become digitally altered figures, while audiences wearing 3-D glasses experienced the imagery as a shared theatrical environment. Framed as a fantasy of childhood imagination, the work follows a young girl who learns a magical song from a bird and journeys through a mutable electronic forest, changing her appearance, age, and surroundings along the way.",,,,,,,,,,,,,Video,video/mpeg4,eng,,,,video,,https://storage.googleapis.com/thegeorgecoatesarchive/gc%20archive%20thumbnails/NN94-VH-005%20-%20Nowhere%20Nowhere_thumbnail.png,https://storage.googleapis.com/thegeorgecoatesarchive/gc%20archive%20thumbnails/NN94-VH-005%20-%20Nowhere%20Nowhere_thumbnail.png,,
NN94-VH-006,Auditions/Rehearsals/Table Reads,,,George Coates,,"Nowhere Nowhere (1994) was an immersive multimedia stage work by George Coates that combined live singing and performance with real-time computer graphics, film imagery, and stereoscopic 3-D effects. Developed through Coates’s collaborations with engineers and technology partners—including NASA Ames Research Center, Apple Computer, Intel, and the Science Meets the Arts Society (SMARTS)—the production explored how emerging digital tools could extend live theater beyond the conventional stage.

At its 1994 world premiere at IC ’94, the work used the Livemax 4D system to transform the stage environment in response to performers’ movements. Actors appeared to enter and disappear from virtual spaces, pass through architectural forms, and become digitally altered figures, while audiences wearing 3-D glasses experienced the imagery as a shared theatrical environment. Framed as a fantasy of childhood imagination, the work follows a young girl who learns a magical song from a bird and journeys through a mutable electronic forest, changing her appearance, age, and surroundings along the way.",,,,,,,,,,,,,Video,video/mpeg4,eng,,,,video,,https://storage.googleapis.com/thegeorgecoatesarchive/gc%20archive%20thumbnails/NN94-VH-006%20-%20Nowwhere%20Nowhere%20Table%20Reads%20and%20Rehearsals_thumbnail.png,https://storage.googleapis.com/thegeorgecoatesarchive/gc%20archive%20thumbnails/NN94-VH-006%20-%20Nowwhere%20Nowhere%20Table%20Reads%20and%20Rehearsals_thumbnail.png,,
RA85-BC-001,Rare Area Tape 2,1985,,,,,,,,,,,,,,,,,Video,,,,,,video,,,,,
RA85-BC-002,Rare Area Tape 3,1985,,,,,,,,,,,,,,,,,Video,,,,,,video,,,,,
RA85-BC-003,Rare Area Tape 1,1985,,,,,,,,,,,,,,,,,Video,,,,,,video,,,,,
RA85-BC-004,Rare Area Tape 5,1985,,,,,,,,,,,,,,,,,Video,,,,,,video,,,,,
RA85-BC-005," Rare Area Tape 4
",1985,,,,,,,,,,,,,,,,,Video,,,,,,video,,,,,
RA85-CS-001,Rare Area Official Soundtrack: Music by Marc Ream (Tenor: John Duykers - Soprano: Kathryn Neale),,,George Coates,"Rare Area (1985) was a new theater work by George Coates, presented at Theater Artaud in San Francisco through January 5, 1985. It combined a rock-opera score, mime, comedy, projected imagery, and giant balloons in a sequence of visual and musical events rather than a conventional plot.

The four performers—listed as tenor, soprano, mime, and actor—moved through transient scenes and figures, including a dictator and his wife, a convict, and a woman suspended from a building. The production unfolded on a sloping platform behind several projection screens, with changing images of a Victorian San Francisco house, an ancient tomb, a tree-lined street, and patriotic imagery. In one scene, a woman falls from the projected Victorian house as two people watch from its windows. Through these episodic scenes, Rare Area addressed chauvinism and patriotism through comic and dramatic means.",,,,,,,,,,,,,,Audio,,,,,,,,,,,
RA85-CS-002,GCPW Rare Area - Hi Bias Tape,,,George Coates,"Rare Area (1985) was a new theater work by George Coates, presented at Theater Artaud in San Francisco through January 5, 1985. It combined a rock-opera score, mime, comedy, projected imagery, and giant balloons in a sequence of visual and musical events rather than a conventional plot.

The four performers—listed as tenor, soprano, mime, and actor—moved through transient scenes and figures, including a dictator and his wife, a convict, and a woman suspended from a building. The production unfolded on a sloping platform behind several projection screens, with changing images of a Victorian San Francisco house, an ancient tomb, a tree-lined street, and patriotic imagery. In one scene, a woman falls from the projected Victorian house as two people watch from its windows. Through these episodic scenes, Rare Area addressed chauvinism and patriotism through comic and dramatic means.",,,,,,,,,,,,,,Audio,,,,,,,,,,,
RA85-CS-003,Rare Area Commercials (for LA) - 1986 - Negativland,1986,,George Coates,"Rare Area (1985) was a new theater work by George Coates, presented at Theater Artaud in San Francisco through January 5, 1985. It combined a rock-opera score, mime, comedy, projected imagery, and giant balloons in a sequence of visual and musical events rather than a conventional plot.

The four performers—listed as tenor, soprano, mime, and actor—moved through transient scenes and figures, including a dictator and his wife, a convict, and a woman suspended from a building. The production unfolded on a sloping platform behind several projection screens, with changing images of a Victorian San Francisco house, an ancient tomb, a tree-lined street, and patriotic imagery. In one scene, a woman falls from the projected Victorian house as two people watch from its windows. Through these episodic scenes, Rare Area addressed chauvinism and patriotism through comic and dramatic means.",,,,,,,,,,,,,,Audio,,,,,,,,,,,
RA85-CS-004,10 minute Excerpt of Music from Rare Area (10min),,,George Coates,"Rare Area (1985) was a new theater work by George Coates, presented at Theater Artaud in San Francisco through January 5, 1985. It combined a rock-opera score, mime, comedy, projected imagery, and giant balloons in a sequence of visual and musical events rather than a conventional plot.

The four performers—listed as tenor, soprano, mime, and actor—moved through transient scenes and figures, including a dictator and his wife, a convict, and a woman suspended from a building. The production unfolded on a sloping platform behind several projection screens, with changing images of a Victorian San Francisco house, an ancient tomb, a tree-lined street, and patriotic imagery. In one scene, a woman falls from the projected Victorian house as two people watch from its windows. Through these episodic scenes, Rare Area addressed chauvinism and patriotism through comic and dramatic means.",,,,,,,,,,,,,,Audio,,,,,,,,,,,
RA85-CS-005,Rare Area Rehearsal with Hitomi,,,George Coates,"Rare Area (1985) was a new theater work by George Coates, presented at Theater Artaud in San Francisco through January 5, 1985. It combined a rock-opera score, mime, comedy, projected imagery, and giant balloons in a sequence of visual and musical events rather than a conventional plot.

The four performers—listed as tenor, soprano, mime, and actor—moved through transient scenes and figures, including a dictator and his wife, a convict, and a woman suspended from a building. The production unfolded on a sloping platform behind several projection screens, with changing images of a Victorian San Francisco house, an ancient tomb, a tree-lined street, and patriotic imagery. In one scene, a woman falls from the projected Victorian house as two people watch from its windows. Through these episodic scenes, Rare Area addressed chauvinism and patriotism through comic and dramatic means.",,,,,,,,,,,,,,Audio,,,,,,,,,,,
RA85-CS-006,"GCPW Rehearsal - Tape #3 | January 18th 1985
",1985,,George Coates,"Rare Area (1985) was a new theater work by George Coates, presented at Theater Artaud in San Francisco through January 5, 1985. It combined a rock-opera score, mime, comedy, projected imagery, and giant balloons in a sequence of visual and musical events rather than a conventional plot.

The four performers—listed as tenor, soprano, mime, and actor—moved through transient scenes and figures, including a dictator and his wife, a convict, and a woman suspended from a building. The production unfolded on a sloping platform behind several projection screens, with changing images of a Victorian San Francisco house, an ancient tomb, a tree-lined street, and patriotic imagery. In one scene, a woman falls from the projected Victorian house as two people watch from its windows. Through these episodic scenes, Rare Area addressed chauvinism and patriotism through comic and dramatic means.",,,,,,,,,,,,,,Audio,,,,,,,,,,,
RA85-UM-001,Dub - Tape 1 of 2 - GCPW Rare Area - 6/28/1985,1985,,,,,,,,,,,,,,,,,,,,,,,video,,,,,
RA85-UM-002,Dub - Tape 2 of 2 - GCPW Rare Area - 6/28/1985 / Dub from Master - Rare Area Tape 2 of 2,1985,,,,,,,,,,,,,,,,,Video,,,,,,video,,,,,
RA85-UM-003,"Rare Area, Doolittle Theater / Rare Area, August 5-24 10 minute edit, Doolittle Theater",,,,,,,,,,,,,,,,,,Video,,,,,,video,,,,,
RA85-UM-004,"Art Notes #706, John Roszak, Rare Area, KQED",,,,,,,,,,,,,,,,,,Video,,,,,,video,https://vimeo.com/1166806160,https://i.vimeocdn.com/video/2191653814-402ddaf9692600501a1a6314f2c8bf2763c044c446a75907e51649374ba6606c-d_1920x1080,https://i.vimeocdn.com/video/2191653814-402ddaf9692600501a1a6314f2c8bf2763c044c446a75907e51649374ba6606c-d_1920x1080,,
RA85-UM-005,"Rare Area, GCPW, Rehearsal Taping, 4/15/1985 - 10 minute edit / GCPW, Rare Area, 10 minutes",1985,,,,,,,,,,,,,,,,,Video,,,,,,video,,,,,
RA85-VH-001,Excerpts from Rare Area,,,George Coates,,"Rare Area (1985) was a new theater work by George Coates, presented at Theater Artaud in San Francisco through January 5, 1985. It combined a rock-opera score, mime, comedy, projected imagery, and giant balloons in a sequence of visual and musical events rather than a conventional plot.

The four performers—listed as tenor, soprano, mime, and actor—moved through transient scenes and figures, including a dictator and his wife, a convict, and a woman suspended from a building. The production unfolded on a sloping platform behind several projection screens, with changing images of a Victorian San Francisco house, an ancient tomb, a tree-lined street, and patriotic imagery. In one scene, a woman falls from the projected Victorian house as two people watch from its windows. Through these episodic scenes, Rare Area addressed chauvinism and patriotism through comic and dramatic means.",,,,,,,,,,,,,Video,video/mpeg4,eng,,,,video,,,,,
RA85-VH-002,Rare Area,,,George Coates,,"Rare Area (1985) was a new theater work by George Coates, presented at Theater Artaud in San Francisco through January 5, 1985. It combined a rock-opera score, mime, comedy, projected imagery, and giant balloons in a sequence of visual and musical events rather than a conventional plot.

The four performers—listed as tenor, soprano, mime, and actor—moved through transient scenes and figures, including a dictator and his wife, a convict, and a woman suspended from a building. The production unfolded on a sloping platform behind several projection screens, with changing images of a Victorian San Francisco house, an ancient tomb, a tree-lined street, and patriotic imagery. In one scene, a woman falls from the projected Victorian house as two people watch from its windows. Through these episodic scenes, Rare Area addressed chauvinism and patriotism through comic and dramatic means.",,,,,,,,,,,,,Video,video/mpeg4,eng,,,,video,,https://storage.googleapis.com/thegeorgecoatesarchive/gc%20archive%20thumbnails/RA85-VH-002%20%7C%20Rare%20Area_thumbnail.png,https://storage.googleapis.com/thegeorgecoatesarchive/gc%20archive%20thumbnails/RA85-VH-002%20%7C%20Rare%20Area_thumbnail.png,,
RA85-VH-003,Rare Area “(DNS),,,George Coates,,"Rare Area (1985) was a new theater work by George Coates, presented at Theater Artaud in San Francisco through January 5, 1985. It combined a rock-opera score, mime, comedy, projected imagery, and giant balloons in a sequence of visual and musical events rather than a conventional plot.

The four performers—listed as tenor, soprano, mime, and actor—moved through transient scenes and figures, including a dictator and his wife, a convict, and a woman suspended from a building. The production unfolded on a sloping platform behind several projection screens, with changing images of a Victorian San Francisco house, an ancient tomb, a tree-lined street, and patriotic imagery. In one scene, a woman falls from the projected Victorian house as two people watch from its windows. Through these episodic scenes, Rare Area addressed chauvinism and patriotism through comic and dramatic means.",,,,,,,,,,,,,Video,video/mpeg4,eng,,,,video,,,,,
RA85-VH-004,Channel 4 Coverage,,,George Coates,,"Rare Area (1985) was a new theater work by George Coates, presented at Theater Artaud in San Francisco through January 5, 1985. It combined a rock-opera score, mime, comedy, projected imagery, and giant balloons in a sequence of visual and musical events rather than a conventional plot.

The four performers—listed as tenor, soprano, mime, and actor—moved through transient scenes and figures, including a dictator and his wife, a convict, and a woman suspended from a building. The production unfolded on a sloping platform behind several projection screens, with changing images of a Victorian San Francisco house, an ancient tomb, a tree-lined street, and patriotic imagery. In one scene, a woman falls from the projected Victorian house as two people watch from its windows. Through these episodic scenes, Rare Area addressed chauvinism and patriotism through comic and dramatic means.",,,,,,,,,,,,,Video,video/mpeg4,eng,,,,video,,https://storage.googleapis.com/thegeorgecoatesarchive/gc%20archive%20thumbnails/RA85-VH-004%20%7C%20Rare%20Area%20TV%20News%20Coverage%20(Ch.4%20NBC%20and%20Public%20TV%20'Art%20Notes'_thumbnail.png,https://storage.googleapis.com/thegeorgecoatesarchive/gc%20archive%20thumbnails/RA85-VH-004%20%7C%20Rare%20Area%20TV%20News%20Coverage%20(Ch.4%20NBC%20and%20Public%20TV%20'Art%20Notes'_thumbnail.png,,
RA85-VH-005,Rare Area: Junk,,,George Coates,,"Rare Area (1985) was a new theater work by George Coates, presented at Theater Artaud in San Francisco through January 5, 1985. It combined a rock-opera score, mime, comedy, projected imagery, and giant balloons in a sequence of visual and musical events rather than a conventional plot.

The four performers—listed as tenor, soprano, mime, and actor—moved through transient scenes and figures, including a dictator and his wife, a convict, and a woman suspended from a building. The production unfolded on a sloping platform behind several projection screens, with changing images of a Victorian San Francisco house, an ancient tomb, a tree-lined street, and patriotic imagery. In one scene, a woman falls from the projected Victorian house as two people watch from its windows. Through these episodic scenes, Rare Area addressed chauvinism and patriotism through comic and dramatic means.",,,,,,,,,,,,,Video,video/mpeg4,eng,,,,video,,,,,
RM89-CS-001,Right Mind Act I: 1989 Marc Ream,1989,,"George Coates, Marc Ream",,,,,,,,,,,,,,,Audio,,,,,,,,,,,
RM89-CS-002,Right Mind: Official Soundtrack by Marc Ream,,,"George Coates, Marc Ream ",,,,,,,,,,,,,,,Audio,,,,,,,,,,,
RM89-CS-003,Musical Excerpts from 'Right Mind',,,"George Coates, Marc Ream",,,,,,,,,,,,,,,Audio,,,,,,,,,,,
RM89-VH-001,SF Arts All Over the Map: Right Mind (1989),1989,,,,,,,,,,,,,,,,,Video,video/mpeg4,eng,,,,video,,https://storage.googleapis.com/thegeorgecoatesarchive/gc%20archive%20thumbnails/RM89%20-%20Right%20Mind_thumbnail.png,https://storage.googleapis.com/thegeorgecoatesarchive/gc%20archive%20thumbnails/RM89%20-%20Right%20Mind_thumbnail.png,,
SH83-UM-001,SeeHear - edited selections,1984,,,,"Seehear (1983) completed the “How Trilogy” in summer 1984 at Zellerbach Hall in Berkeley. Structured around the conventions of a chamber concert, the production featured a thirteen-member ensemble, conductor Roger Nelson, singers John Duykers, Rinde Eckert, and Tomasa Eckert, and mime Hitomi Ikuma.
The work began as a formal concert: musicians tuned their instruments, the conductor entered, and the audience applauded. As the overture progressed, screens and borders descended around the orchestra, forming a projected enclosure whose colors and patterns gradually covered the musicians and made them appear to dissolve into their surroundings. Singers and performers appeared high above the orchestra amid images of ancient rock carvings, while the conductor performed from a revolving tripod that allowed him to turn upside down or lie horizontally. A projected chess game appeared to float overhead. The finale transformed the expected grand operatic conclusion into a disappearing act: the orchestra continued playing as the front of the stage lowered the musicians into the pit, while the performers waved goodbye from above. Seehear closes the trilogy with an image of performers, music, projected light, and stage architecture merging into a single environment.",,,,,,,,,,,,,Video,,,,,,video,,,,,
SH83-UM-002,"SeeHear excerpts 11:30 edit, Zellerbach Auditorium - 5/5/1984 / SeeHear Excerpts",1984,,,,"Seehear (1984) completed the “How Trilogy” in summer 1984 at Zellerbach Hall in Berkeley. Structured around the conventions of a chamber concert, the production featured a thirteen-member ensemble, conductor Roger Nelson, singers John Duykers, Rinde Eckert, and Tomasa Eckert, and mime Hitomi Ikuma.
The work began as a formal concert: musicians tuned their instruments, the conductor entered, and the audience applauded. As the overture progressed, screens and borders descended around the orchestra, forming a projected enclosure whose colors and patterns gradually covered the musicians and made them appear to dissolve into their surroundings. Singers and performers appeared high above the orchestra amid images of ancient rock carvings, while the conductor performed from a revolving tripod that allowed him to turn upside down or lie horizontally. A projected chess game appeared to float overhead. The finale transformed the expected grand operatic conclusion into a disappearing act: the orchestra continued playing as the front of the stage lowered the musicians into the pit, while the performers waved goodbye from above. Seehear closes the trilogy with an image of performers, music, projected light, and stage architecture merging into a single environment.",,,,,,,,,,,,,Video,,,,,,video,https://vimeo.com/1166808027,https://i.vimeocdn.com/video/2191655983-3248d46070d8bc03885617ab41ea3c93a2ee3c4225028bde18e9df70826f15bd-d_1920x1080,v,,
SH83-VH-001,SeeHear Excerpts,1984,,George Coates,,"Seehear (1983) completed the “How Trilogy” in summer 1984 at Zellerbach Hall in Berkeley. Structured around the conventions of a chamber concert, the production featured a thirteen-member ensemble, conductor Roger Nelson, singers John Duykers, Rinde Eckert, and Tomasa Eckert, and mime Hitomi Ikuma.
The work began as a formal concert: musicians tuned their instruments, the conductor entered, and the audience applauded. As the overture progressed, screens and borders descended around the orchestra, forming a projected enclosure whose colors and patterns gradually covered the musicians and made them appear to dissolve into their surroundings. Singers and performers appeared high above the orchestra amid images of ancient rock carvings, while the conductor performed from a revolving tripod that allowed him to turn upside down or lie horizontally. A projected chess game appeared to float overhead. The finale transformed the expected grand operatic conclusion into a disappearing act: the orchestra continued playing as the front of the stage lowered the musicians into the pit, while the performers waved goodbye from above. Seehear closes the trilogy with an image of performers, music, projected light, and stage architecture merging into a single environment.",,,,,,,,,,,,,Video,video/mpeg4,eng,,,,video,,https://storage.googleapis.com/thegeorgecoatesarchive/gc%20archive%20thumbnails/SH83-VH-001%20%7C%20SeeHear%20Excerpts_thumbnail.png,https://storage.googleapis.com/thegeorgecoatesarchive/gc%20archive%20thumbnails/SH83-VH-001%20%7C%20SeeHear%20Excerpts_thumbnail.png,,
TP97-BC-001,Twisted Pairs Show 1-26-1996,1996,,,,,,,,,,,,,,,,,Video,,,,,,video,,,,,
TP97-CS-001,Twisted Pairs | January 19th 1996,1996,,George Coates,,,,,,,,,,,,,,,Audio,,,,,,,,,,,
TP97-CS-002,Twisted Pairs Songs,,,George Coates,,,,,,,,,,,,,,,Audio,,,,,,,,,,,
TP97-CS-003,Twisted Pairs | 12/20/1995 Tape 1 of 1,1995,,George Coates,,,,,,,,,,,,,,,Audio,,,,,,,,,,,
TP97-CS-004,Twisted Pairs (1-17-1996),1996,,George Coates,,,,,,,,,,,,,,,Audio,,,,,,,,,,,
TP97-CS-005,Twisted Pairs - 2/2/1996,1996,,George Coates,,,,,,,,,,,,,,,Audio,,,,,,,,,,,
TP97-CS-006,23 Jan 1996 Twisted Pairs,1996,,George Coates,,,,,,,,,,,,,,,Audio,,,,,,,,,,,
TP97-CS-007,12-22-1995 - Twisted Pairs,1995,,George Coates,,,,,,,,,,,,,,,Audio,,,,,,,,,,,
TP97-VH-001,"Twisted Pairs Audition | July 31, 1995",1995,,George Coates,,,,,,,,,,,,,,,Video,video/mpeg4,eng,,,,video,,https://storage.googleapis.com/thegeorgecoatesarchive/gc%20archive%20thumbnails/TP95-VH-001%20%7C%20Twisted%20Pairs%20Audition%2C%20July%2031st%2C%201995%2C%20Teleprompter%20Reading_001_thumbnail.png,https://storage.googleapis.com/thegeorgecoatesarchive/gc%20archive%20thumbnails/TP95-VH-001%20%7C%20Twisted%20Pairs%20Audition%2C%20July%2031st%2C%201995%2C%20Teleprompter%20Reading_001_thumbnail.png,,
TP97-VH-002,"Synergy Teleprompter | Sept 11, 1995",1995,,George Coates,,,,,,,,,,,,,,,Video,video/mpeg4,eng,,,,video,,,,,
TP97-VH-003,Twisted Pairs: 12/06/95 & 01/15/96,1996,,George Coates,,,,,,,,,,,,,,,Video,video/mpeg4,eng,,,,video,,https://storage.googleapis.com/thegeorgecoatesarchive/gc%20archive%20thumbnails/TP95-VH-003%20-%20Twisted%20Pairs%2C%2012%3A06%3A1995%20and%2001%3A15%3A1996_001_thumbnail.png,https://storage.googleapis.com/thegeorgecoatesarchive/gc%20archive%20thumbnails/TP95-VH-003%20-%20Twisted%20Pairs%2C%2012%3A06%3A1995%20and%2001%3A15%3A1996_001_thumbnail.png,,
TP97-VH-004,"Twisted Pairs, Dec 22, 1995",,,George Coates,,,,,,,,,,,,,,,Video,video/mpeg4,eng,,,,video,,,,,
TP97-VH-005,"Source Tape / Intermission | Mar 6, 1996",1996,,George Coates,,,,,,,,,,,,,,,Video,video/mpeg4,eng,,,,video,,https://storage.googleapis.com/thegeorgecoatesarchive/gc%20archive%20thumbnails/TP95-VH-005%20-%20Twisted%20Pairs%20Intermission%20Source%20Tape_001_thumbnail.png,https://storage.googleapis.com/thegeorgecoatesarchive/gc%20archive%20thumbnails/TP95-VH-005%20-%20Twisted%20Pairs%20Intermission%20Source%20Tape_001_thumbnail.png,,
TP97-VH-006,"Show #2 | Jan 24, 1996",1996,,George Coates,,,,,,,,,,,,,,,Video,video/mpeg4,eng,,,,video,,https://storage.googleapis.com/thegeorgecoatesarchive/gc%20archive%20thumbnails/TP95-VH-006%20-%20Twisted%20Pairs%20%232%20%7C%20January%2024th%201996_001_thumbnail.png,https://storage.googleapis.com/thegeorgecoatesarchive/gc%20archive%20thumbnails/TP95-VH-006%20-%20Twisted%20Pairs%20%232%20%7C%20January%2024th%201996_001_thumbnail.png,,
TP97-VH-007,"Redub | Feb 14, 1996",1996,,George Coates,,,,,,,,,,,,,,,Video,video/mpeg4,eng,,,,video,,https://storage.googleapis.com/thegeorgecoatesarchive/gc%20archive%20thumbnails/TP95%3DVH-007%20%7C%20Twisted%20Pairs%20Redub%20February%2014th%201996_001_thumbnail.png,https://storage.googleapis.com/thegeorgecoatesarchive/gc%20archive%20thumbnails/TP95%3DVH-007%20%7C%20Twisted%20Pairs%20Redub%20February%2014th%201996_001_thumbnail.png,,
TP97-VH-008,Synergy Screenshots,,,George Coates,,,,,,,,,,,,,,,Video,video/mpeg4,eng,,,,video,,,,,
TP97-VH-009,"Show Tape | Dec 14, 1996",1996,,George Coates,,,,,,,,,,,,,,,Video,video/mpeg4,eng,,,,video,,,,,
TP97-VH-010,Excerpts from Jan–Feb 1996,1996,,George Coates,,,,,,,,,,,,,,,Video,video/mpeg4,eng,,,,video,,,,,
UYA00-VH-001,Up Your Ass World Premiere,2000,,George Coates,,,,,,,,,,,,,,,Video,video/mpeg4,eng,,,,video,,https://storage.googleapis.com/thegeorgecoatesarchive/gc%20archive%20thumbnails/UYA00-VH-001_thumbnail.png,https://storage.googleapis.com/thegeorgecoatesarchive/gc%20archive%20thumbnails/UYA00-VH-001_thumbnail.png,,
UYA00-VH-002,Spark! Interview / Raw Footage,2000,,George Coates,,,,,,,,,,,,,,,Video,video/mpeg4,eng,,,,video,,https://storage.googleapis.com/thegeorgecoatesarchive/gc%20archive%20thumbnails/UYA00-VH-002_thumbnail.png,https://storage.googleapis.com/thegeorgecoatesarchive/gc%20archive%20thumbnails/UYA00-VH-002_thumbnail.png,,
WG93-CS-001,"Waiting For Godot: Tape 2 | February 23rd, 1993",1993,,George Coates,,,,,,,,,,,,,,,Audio,,,,,,,,,,,
WG93-CS-002,Waiting for Godot Act 1,,,George Coates,,,,,,,,,,,,,,,Audio,,,,,,,,,,,
WG93-CS-003,Waiting for Godot Act 2,,,George Coates,,,,,,,,,,,,,,,Audio,,,,,,,,,,,
WG93-CS-004,Waiting for Godot Tape 1 | February 23rd 1993,1993,,George Coates,,,,,,,,,,,,,,,Audio,,,,,,,,,,,
WG93-VH-001,Waiting for Godot | KRON-TV,,,George Coates,,,,,,,,,,,,,,,Video,video/mpeg4,eng,,,,video,,,,,
WH80-UM-001,The Way of How 12 min 46 seconds,1980,,,,"The Way of How premiered at the San Francisco International Theatre Festival in September 1981 and later toured throughout the United States and Europe, including a 1983 presentation in the Brooklyn Academy of Music’s Next Wave series. It was the first work in George Coates’ “How Trilogy,” created with composer Paul Dresher, tenor singers Rinde Eckert and John Duykers, and mime Leonard Pitt.
Described by Coates as a “reverie,” the performance followed four distinct figures as they explored an environment of tubes, poles, hoops, mirrors, hand trucks, and other elemental objects. The performers transformed these materials into musical instruments, sculptural forms, and visual events: tubes became pitched percussion instruments, hoops became horns, and two descending poles appeared to carry the singers’ voices into the mime’s body. The work used operatic excerpts, musical games, monologues—including a “To B” sequence of composers whose names begin with B—and live vocal looping. Its scenes centered on discovery, tentative alliances, and the changing relationships among performers, objects, sound, and space.",,,,,,,,,,,,,Video,,,,,,video,,,,,
WH80-UM-002,The Way of How,1980,,,,"The Way of How premiered at the San Francisco International Theatre Festival in September 1981 and later toured throughout the United States and Europe, including a 1983 presentation in the Brooklyn Academy of Music’s Next Wave series. It was the first work in George Coates’ “How Trilogy,” created with composer Paul Dresher, tenor singers Rinde Eckert and John Duykers, and mime Leonard Pitt.
Described by Coates as a “reverie,” the performance followed four distinct figures as they explored an environment of tubes, poles, hoops, mirrors, hand trucks, and other elemental objects. The performers transformed these materials into musical instruments, sculptural forms, and visual events: tubes became pitched percussion instruments, hoops became horns, and two descending poles appeared to carry the singers’ voices into the mime’s body. The work used operatic excerpts, musical games, monologues—including a “To B” sequence of composers whose names begin with B—and live vocal looping. Its scenes centered on discovery, tentative alliances, and the changing relationships among performers, objects, sound, and space.",,,,,,,,,,,,,Video,,,,,,video,https://vimeo.com/1166808133,https://i.vimeocdn.com/video/2191654620-b9fb4720dee398df8e4adac1814ee0197b5cc2781998fd7691ddc2f820f7335b-d_1920x1080,https://i.vimeocdn.com/video/2191654620-b9fb4720dee398df8e4adac1814ee0197b5cc2781998fd7691ddc2f820f7335b-d_1920x1080,,
WH80-UM-003,"The Way of How, 60 minutes",1980,,,,"The Way of How premiered at the San Francisco International Theatre Festival in September 1981 and later toured throughout the United States and Europe, including a 1983 presentation in the Brooklyn Academy of Music’s Next Wave series. It was the first work in George Coates’ “How Trilogy,” created with composer Paul Dresher, tenor singers Rinde Eckert and John Duykers, and mime Leonard Pitt.
Described by Coates as a “reverie,” the performance followed four distinct figures as they explored an environment of tubes, poles, hoops, mirrors, hand trucks, and other elemental objects. The performers transformed these materials into musical instruments, sculptural forms, and visual events: tubes became pitched percussion instruments, hoops became horns, and two descending poles appeared to carry the singers’ voices into the mime’s body. The work used operatic excerpts, musical games, monologues—including a “To B” sequence of composers whose names begin with B—and live vocal looping. Its scenes centered on discovery, tentative alliances, and the changing relationships among performers, objects, sound, and space.",,,,,,,,,,,,,Video,,,,,,video,,,,,
WT98-CS-001,"Wittgenstein Opening - January 28th, 1998",1998,,George Coates,,,,,,,,,,,,,,,Audio,,,,,,,,,,,
WT98-CS-002,Venus & Mars,,,George Coates,,,,,,,,,,,,,,,Audio,,,,,,,,,,,
WT98-CS-003,"Wittgenstein on Mars Opening | January 28th, 1998",1998,,George Coates,,,,,,,,,,,,,,,Audio,,,,,,,,,,,
WT98-CS-004,Wittgenstein On Mars - January 23rd 1998,1998,,George Coates,,,,,,,,,,,,,,,Audio,,,,,,,,,,,
WT98-CS-005,Wittgenstein on Mars 2/3/1998,1998,,George Coates,,,,,,,,,,,,,,,Audio,,,,,,,,,,,
WT98-CS-006,Wittgenstein on Mars - 1/30/1997,1977,,George Coates,,,,,,,,,,,,,,,Audio,,,,,,,,,,,
WT98-VH-001,Wittgenstein: On Mars | March 1998,1998,,George Coates,,,,,,,,,,,,,,,Video,video/mpeg4,eng,,,,video,,https://storage.googleapis.com/thegeorgecoatesarchive/gc%20archive%20thumbnails/WT98-VH-001%20-%20Wittgenstein%20on%20Mars%20March%201998_001_thumbnail.png,https://storage.googleapis.com/thegeorgecoatesarchive/gc%20archive%20thumbnails/WT98-VH-001%20-%20Wittgenstein%20on%20Mars%20March%201998_001_thumbnail.png,,
,,,,,,,,,,,,,,,,,,,Video,video/mpeg4,eng,,,,video,,,,,
,,,,,,,,,,,,,,,,,,,Video,video/mpeg4,eng,,,,video,,,,,
,,,,,,,,,,,,,,,,,,,,,,,,,video,,,,,
,,,,,,,,,,,,,,,,,,,,,,,,,video,,,,,
,,,,,,,,,,,,,,,,,,,,,,,,,video,,,,,
,,,,,,,,,,,,,,,,,,,,,,,,,video,,,,,
,,,,,,,,,,,,,,,,,,,,,,,,,video,,,,,
,,,,,,,,,,,,,,,,,,,,,,,,,video,,,,,
,,,,,,,,,,,,,,,,,,,,,,,,,video,,,,,
,,,,,,,,,,,,,,,,,,,,,,,,,video,,,,,
,,,,,,,,,,,,,,,,,,,,,,,,,,,,,,
,,,,,,,,,,,,,,,,,,,,,,,,,video,,,,,
,,,,,,,,,,,,,,,,,,,,,,,,,video,,,,,
,,,,,,,,,,,,,,,,,,,,,,,,,video,,,,,
,,,,,,,,,,,,,,,,,,,,,,,,,video,,,,,
,,,,,,,,,,,,,,,,,,,,,,,,,video,,,,,
,,,,,,,,,,,,,,,,,,,,,,,,,video,,,,,
,,,,,,,,,,,,,,,,,,,,,,,,,video,,,,,
,,,,,,,,,,,,,,,,,,,,,,,,,video,,,,,
,,,,,,,,,,,,,,,,,,,,,,,,,video,,,,,
,,,,,,,,,,,,,,,,,,,,,,,,,video,,,,,
,,,,,,,,,,,,,,,,,,,,,,,,,video,,,,,
,,,,,,,,,,,,,,,,,,,,,,,,,video,,,,,
,,,,,,,,,,,,,,,,,,,,,,,,,video,,,,,
,,,,,,,,,,,,,,,,,,,,,,,,,video,,,,,
,,,,,,,,,,,,,,,,,,,,,,,,,video,,,,,
,,,,,,,,,,,,,,,,,,,,,,,,,video,,,,,
,,,,,,,,,,,,,,,,,,,,,,,,,video,,,,,
,,,,,,,,,,,,,,,,,,,,,,,,,video,,,,,
,,,,,,,,,,,,,,,,,,,,,,,,,video,,,,,
,,,,,,,,,,,,,,,,,,,,,,,,,video,,,,,
,,,,,,,,,,,,,,,,,,,,,,,,,video,,,,,
,,,,,,,,,,,,,,,,,,,,,,,,,video,,,,,
,,,,,,,,,,,,,,,,,,,,,,,,,video,,,,,
,,,,,,,,,,,,,,,,,,,,,,,,,video,,,,,
,,,,,,,,,,,,,,,,,,,,,,,,,video,,,,,
,,,,,,,,,,,,,,,,,,,,,,,,,video,,,,,
,,,,,,,,,,,,,,,,,,,,,,,,,video,,,,,
,,,,,,,,,,,,,,,,,,,,,,,,,video,,,,,
,,,,,,,,,,,,,,,,,,,,,,,,,video,,,,,
,,,,,,,,,,,,,,,,,,,,,,,,,video,,,,,
,,,,,,,,,,,,,,,,,,,,,,,,,video,,,,,
,,,,,,,,,,,,,,,,,,,,,,,,,video,,,,,
,,,,,,,,,,,,,,,,,,,,,,,,,video,,,,,
,,,,,,,,,,,,,,,,,,,,,,,,,video,,,,,
,,,,,,,,,,,,,,,,,,,,,,,,,video,,,,,
,,,,,,,,,,,,,,,,,,,,,,,,,video,,,,,
,,,,,,,,,,,,,,,,,,,,,,,,,video,,,,,
,,,,,,,,,,,,,,,,,,,,,,,,,video,,,,,
,,,,,,,,,,,,,,,,,,,,,,,,,video,,,,,
,,,,,,,,,,,,,,,,,,,,,,,,,video,,,,,
,,,,,,,,,,,,,,,,,,,,,,,,,video,,,,,
,,,,,,,,,,,,,,,,,,,,,,,,,video,,,,,
,,,,,,,,,,,,,,,,,,,,,,,,,video,,,,,
,,,,,,,,,,,,,,,,,,,,,,,,,video,,,,,
,,,,,,,,,,,,,,,,,,,,,,,,,video,,,,,
,,,,,,,,,,,,,,,,,,,,,,,,,video,,,,,
,,,,,,,,,,,,,,,,,,,,,,,,,video,,,,,
,,,,,,,,,,,,,,,,,,,,,,,,,video,,,,,
,,,,,,,,,,,,,,,,,,,,,,,,,video,,,,,
,,,,,,,,,,,,,,,,,,,,,,,,,video,,,,,
,,,,,,,,,,,,,,,,,,,,,,,,,video,,,,,
,,,,,,,,,,,,,,,,,,,,,,,,,video,,,,,
,,,,,,,,,,,,,,,,,,,,,,,,,video,,,,,
,,,,,,,,,,,,,,,,,,,,,,,,,video,,,,,
,,,,,,,,,,,,,,,,,,,,,,,,,video,,,,,
,,,,,,,,,,,,,,,,,,,,,,,,,video,,,,,
,,,,,,,,,,,,,,,,,,,,,,,,,video,,,,,
,,,,,,,,,,,,,,,,,,,,,,,,,video,,,,,
,,,,,,,,,,,,,,,,,,,,,,,,,video,,,,,
,,,,,,,,,,,,,,,,,,,,,,,,,video,,,,,
,,,,,,,,,,,,,,,,,,,,,,,,,video,,,,,
,,,,,,,,,,,,,,,,,,,,,,,,,video,,,,,
,,,,,,,,,,,,,,,,,,,,,,,,,video,,,,,
,,,,,,,,,,,,,,,,,,,,,,,,,video,,,,,
,,,,,,,,,,,,,,,,,,,,,,,,,video,,,,,
,,,,,,,,,,,,,,,,,,,,,,,,,video,,,,,
,,,,,,,,,,,,,,,,,,,,,,,,,video,,,,,
,,,,,,,,,,,,,,,,,,,,,,,,,video,,,,,
,,,,,,,,,,,,,,,,,,,,,,,,,video,,,,,
,,,,,,,,,,,,,,,,,,,,,,,,,video,,,,,
,,,,,,,,,,,,,,,,,,,,,,,,,video,,,,,
,,,,,,,,,,,,,,,,,,,,,,,,,video,,,,,
,,,,,,,,,,,,,,,,,,,,,,,,,video,,,,,
,,,,,,,,,,,,,,,,,,,,,,,,,video,,,,,